"","method","island","survey_year","mpa_status","den_nontargeted","den_targeted","bm_nontargeted","bm_targeted","den_AAFF","den_AARG","den_ADAV","den_AFLA","den_AGUA","den_AHAR","den_AHOL","den_AINE","den_ANOB","den_AOCE","den_APFL","den_ATHE","den_ATHESPP","den_AVUL","den_BAITBALL","den_BATH","den_BFRE","den_BFREYOY","den_BOTH","den_BPOL","den_BRAY","den_CAGG","den_CGIG","den_CITH","den_CITHSPP","den_CLUP","den_COBS","den_COTSP","den_CPRI","den_CPUN","den_CPUNYOY","den_CSAT","den_CSOR","den_CSTI","den_CVEN","den_CVIO","den_CXAN","den_DMAC","den_EBIS","den_EJAC","den_EJOR","den_ELAT","den_EMBI","den_EMOR","den_ETAU","den_EWAL","den_GBY","den_GGAL","den_GLIN","den_GMAE","den_GMOR","den_GNIG","den_HANA","den_HARG","den_HAZU","den_HCAL","den_HCAR","den_HDEC","den_HELL","den_HEXA","den_HFRA","den_HGRI","den_HHEM","den_HLAG","den_HROS","den_HRUB","den_HSEM","den_HSEMYOY","den_HSPI","den_HSTE","den_HSTO","den_KGB","den_LARM","den_LBIL","den_LHIR","den_MCAL","den_MMIN","den_MMOL","den_NBLA","den_NCEP","den_OCAL","den_OCALYOY","den_OELO","den_OPIC","den_OTSH","den_OYB","den_OYT","den_PATR","den_PCAL","den_PCLA","den_PCLAYOY","den_PCOE","den_PFAL","den_PFUR","den_PGLA","den_PHOL","den_PLEU","den_PMAC","den_PMEL","den_PNEB","den_PNOT","den_PPRO","den_PTRI","den_PVIO","den_RALL","den_RBIN","den_RFSP","den_RFYOY","den_RHYP","den_RJOR","den_RNIC","den_RONSP","den_RRIC","den_RSTE","den_RTOX","den_RVAC","den_RYOY","den_SACA","den_SARG","den_SATR","den_SAUR","den_SCAL","den_SCAR","den_SCAU","den_SCHI","den_SCHR","den_SCOMSPP","den_SCON","den_SDAL","den_SDIA","den_SEBASTESSPP","den_SEBSPP","den_SENT","den_SFLA","den_SGIG","den_SGOO","den_SGUT","den_SHOP","den_SJAP","den_SLAL","den_SLEN","den_SLUC","den_SMAL","den_SMAR","den_SMEL","den_SMIN","den_SMYS","den_SMYSYOY","den_SNEB","den_SNIG","den_SPAU","den_SPAUYOY","den_SPIN","den_SPINYOY","den_SPUL","den_SPULYOY","den_SRAS","den_SROS","den_SRUB","den_SSAG","den_SSEM","den_SSER","den_STICH","den_STRE","den_SUMB","den_SXYR","den_SYNG","den_TCAL","den_Total","den_TPAC","den_TSEM","den_TSYM","den_UHAL","den_UnID.SMYS","den_UNK","den_URON","den_USAN","den_XCAL","den_XLIO","den_ZEXA","den_ZROS","bm_AAFF","bm_AARG","bm_ADAV","bm_AFLA","bm_AGUA","bm_AHAR","bm_AHOL","bm_AINE","bm_ANOB","bm_AOCE","bm_APFL","bm_ATHE","bm_ATHESPP","bm_AVUL","bm_BAITBALL","bm_BATH","bm_BFRE","bm_BFREYOY","bm_BOTH","bm_BPOL","bm_BRAY","bm_CAGG","bm_CGIG","bm_CITH","bm_CITHSPP","bm_CLUP","bm_COBS","bm_COTSP","bm_CPRI","bm_CPUN","bm_CPUNYOY","bm_CSAT","bm_CSOR","bm_CSTI","bm_CVEN","bm_CVIO","bm_CXAN","bm_DMAC","bm_EBIS","bm_EJAC","bm_EJOR","bm_ELAT","bm_EMBI","bm_EMOR","bm_ETAU","bm_EWAL","bm_GBY","bm_GGAL","bm_GLIN","bm_GMAE","bm_GMOR","bm_GNIG","bm_HANA","bm_HARG","bm_HAZU","bm_HCAL","bm_HCAR","bm_HDEC","bm_HELL","bm_HEXA","bm_HFRA","bm_HGRI","bm_HHEM","bm_HLAG","bm_HROS","bm_HRUB","bm_HSEM","bm_HSEMYOY","bm_HSPI","bm_HSTE","bm_HSTO","bm_KGB","bm_LARM","bm_LBIL","bm_LHIR","bm_MCAL","bm_MMIN","bm_MMOL","bm_NBLA","bm_NCEP","bm_OCAL","bm_OCALYOY","bm_OELO","bm_OPIC","bm_OTSH","bm_OYB","bm_OYT","bm_PATR","bm_PCAL","bm_PCLA","bm_PCLAYOY","bm_PCOE","bm_PFAL","bm_PFUR","bm_PGLA","bm_PHOL","bm_PLEU","bm_PMAC","bm_PMEL","bm_PNEB","bm_PNOT","bm_PPRO","bm_PTRI","bm_PVIO","bm_RALL","bm_RBIN","bm_RFSP","bm_RFYOY","bm_RHYP","bm_RJOR","bm_RNIC","bm_RONSP","bm_RRIC","bm_RSTE","bm_RTOX","bm_RVAC","bm_RYOY","bm_SACA","bm_SARG","bm_SATR","bm_SAUR","bm_SCAL","bm_SCAR","bm_SCAU","bm_SCHI","bm_SCHR","bm_SCOMSPP","bm_SCON","bm_SDAL","bm_SDIA","bm_SEBASTESSPP","bm_SEBSPP","bm_SENT","bm_SFLA","bm_SGIG","bm_SGOO","bm_SGUT","bm_SHOP","bm_SJAP","bm_SLAL","bm_SLEN","bm_SLUC","bm_SMAL","bm_SMAR","bm_SMEL","bm_SMIN","bm_SMYS","bm_SMYSYOY","bm_SNEB","bm_SNIG","bm_SPAU","bm_SPAUYOY","bm_SPIN","bm_SPINYOY","bm_SPUL","bm_SPULYOY","bm_SRAS","bm_SROS","bm_SRUB","bm_SSAG","bm_SSEM","bm_SSER","bm_STICH","bm_STRE","bm_SUMB","bm_SXYR","bm_SYNG","bm_TCAL","bm_Total","bm_TPAC","bm_TSEM","bm_TSYM","bm_UHAL","bm_UnID.SMYS","bm_UNK","bm_URON","bm_USAN","bm_XCAL","bm_XLIO","bm_ZEXA","bm_ZROS"
"1","BRUV","Anacapa",2019,"MPA",6.39285714285714,18.6785714285714,0.0993139285714286,3.64740535714286,0,0,0,0,0,0,0,0,0,0,0,0,0,0,0,0,0,0,0,0,0.0714285714285714,0,0,0,0,0,0,0,16.9642857142857,0.714285714285714,0,0,2.07142857142857,0,0,0,0,0,0,0,0,0,0,0,0,0,0,0,0,0,0,0,0,0,0,0,0,0,0,0,0,0,0,0,0,0,0,0,0,0,0,0,0,0,0,0,0,0,0,0,0,0,0,0,0,0,0,0,0,0.0714285714285714,0,0.214285714285714,0,0,0,0,0,0,0,0,0,0,0,0,0,0,0.214285714285714,0,0,0,0.321428571428571,0,0,0,0,0.0357142857142857,0,0,0,0,0,0,0,0.142857142857143,0,0,0,0,0,0,0,0,0,0,0.107142857142857,0,0.0714285714285714,0.107142857142857,0,0,0,0.0357142857142857,0,0,0,0,0,0,0,0,0,0,0,0,0.25,0,0,0.428571428571429,0.107142857142857,0,5.10714285714286,0,0,0,0,0,0,0,0,0,0,0,0,0,0,0,0,0,0,0,0,0,0,0,0,0,0,0,0,0,0,0,0,0,0,0,0,0,0,0,0,0,0,0,0,0,0,0,0,3.036095,0.023375,0,0,0.0400260714285714,0,0,0,0,0,0,0,0,0,0,0,0,0,0,0,0,0,0,0,0,0,0,0,0,0,0,0,0,0,0,0,0,0,0,0,0,0,0,0,0,0,0,0,0,0,0,0,0,0,0,0,0,0,0,0,0,0.1248925,0,0.00890214285714286,0,0,0,0,0,0,0,0,0,0,0,0,0,0,0.0107289285714286,0,0,0,0.00135785714285714,0,0,0,0,0,0,0,0,0,0,0,0,0.00727678571428571,0,0,0,0,0,0,0,0,0,0,7.19693857142857,0,0.00251285714285714,0.0102535714285714,0,0,0,0.000762857142857143,0,0,0,0,0,0,0,0,0,0,0,0,0.3933125,0,0,0.0223071428571429,0.00380214285714286,0,0.0611139285714286,0,0,0,0,0,0,0,0,0,0,0,0,0,0,0,0,0,0,0,0
"2","BRUV","Anacapa",2019,"REF",10.9166666666667,19.2916666666667,0.16251375,2.32651166666667,0,0,0,0,0,0,0,0,0,0,0,0,0,0,0,0,0,0,0,0,0,0,0,0,0,0,0,0,12.4166666666667,8.875,0,0,2.875,0,0,0,0,0,0,0,0,0,0,0,0,0,0,0,0,0,0,0.0416666666666667,0,0,0,0,0,0,0,0,0,0,0,0,0,0,0,0,0,0,0,0,0,0,0.0833333333333333,0.0416666666666667,0,0,0,0,0.916666666666667,0,0.0416666666666667,0.125,0,0,0.166666666666667,0,0.25,0,0,0,0,0.0833333333333333,0,0,0,0,0,0,0,0,0,0,0,0,0.0416666666666667,0,0,0,0.541666666666667,0,0,0,0,0.0416666666666667,0,0,0,0,0,0,0,0.416666666666667,0,0,0,0.0416666666666667,0,0,0,0.208333333333333,0.25,0,0.208333333333333,0,0.208333333333333,0.833333333333333,0,0.625,0,0,0,0,0,0.166666666666667,0.166666666666667,0,0,0,0.875,0,0,0,1.16666666666667,0,0.0416666666666667,1.83333333333333,0.166666666666667,4.16666666666667,1.95833333333333,0,0,0,0,0,0,0,0,0,0,0,0,0,0,0,0,0,0,0,0,0,0,0,0,0,0,0,0,0,0,0,0,0,0,0,0,0,0,0,0,0,0,0,0,0,0,0,0,1.4466925,0.113859166666667,0,0,0.0108670833333333,0,0,0,0,0,0,0,0,0,0,0,0,0,0,0,0,0,0,0,0,0,0,0,0,0,0,0,0,0,0,0,0,0,0,0,0,0,0,0,0,0,0.00347416666666667,0,0,0,0,0,0.0182558333333333,0,0,0.00129125,0,0,0,0,0.0236783333333333,0,0,0,0,0.00814416666666667,0,0,0,0,0,0,0,0,0,0,0,0,0,0,0,0,0.00446125,0,0,0,0,0,0,0,0,0,0,0,0,0.125791666666667,0,0,0,0,0,0,0,0,0.00213166666666667,0,8.08989041666667,0,0.0107754166666667,0.0131854166666667,0,0.874605416666667,0,0,0,0,0,0.0175125,0.0136566666666667,0,0,0,0.02228375,0,0,0,0.52651,0,0.051255,0.0302554166666667,0.0036725,0.03191625,0.00935541666666667,0,0,0,0,0,0,0,0,0,0,0,0,0,0,0,0,0,0,0,0
"3","BRUV","Anacapa",2020,"MPA",3.92405063291139,21.9493670886076,0.0482424050632911,3.5474682278481,0,0,0,0,0,0,0.0379746835443038,0,0,0,0,0,0,0,0,0,0,0,0,0,0.0379746835443038,0,0,0,0,0,0,0,20.7848101265823,1.84810126582278,0,0,0.329113924050633,0,0,0,0,0,0,0,0,0,0,0,0,0,0,0,0,0,0,0,0,0,0,0,0,0,0,0,0,0,0,0,0,0.0253164556962025,0.0379746835443038,0,0,0,0,0,0,0,0,0.0126582278481013,0,0,0,0,0.139240506329114,0,0.0253164556962025,0.0506329113924051,0,0,0,0,0.0253164556962025,0.0759493670886076,0,0,0,0.20253164556962,0,0,0,0,0,0,0,0,0,0,0,0,0,0,0,0,0.40506329113924,0,0,0,0,0,0,0,0,0,0.0379746835443038,0,0,0.784810126582278,0,0,0,0,0,0,0,0,0,0,0.189873417721519,0,0.0759493670886076,0.0379746835443038,0,0.0506329113924051,0,0,0,0,0,0.518987341772152,1.30379746835443,0,0,0,0.215189873417722,0,0,0,0.620253164556962,0,0,0.79746835443038,0.0886075949367089,0.0126582278481013,1.13924050632911,0,0,0.113924050632911,0,0,0,0,0,0,0,1.18987341772152,0,0,0,0,0,0,0,0,0,0,0,0,0,0,0,0,0,0,0,0,0,0,0,0,0,0,0,0,0,0,0,0,0,0,0,0,0,1.8550682278481,0.0118815189873418,0,0,0.00259481012658228,0,0,0,0,0,0,0,0,0,0,0,0,0,0,0,0,0,0,0,0,0,0,0,0,0,0,0,0,0,0,0,0,0.0124873417721519,0,0,0,0,0,0,0,0,0,0,0,0,0,0,0.00786658227848101,0,0.0612018987341772,0.00186645569620253,0,0,0,0,0.166289367088608,0.00958329113924051,0,0,0,0.00138569620253165,0,0,0,0,0,0,0,0,0,0,0,0,0.0217411392405063,0,0,0,0.000801139240506329,0,0,0,0,0,0,0,0,0,0.00199443037974684,0,0,0.742292784810127,0,0,0,0,0,0,0,0,0,0,2.03891113924051,0,0.0257688607594937,0.00118708860759494,0,0.140146455696203,0,0,0,0,0,0.136715696202532,0.00337556962025316,0,0,0,0.114474303797468,0,0,0,0.311995443037975,0,0,0.0810082278481013,0.00101658227848101,0,0.0109370886075949,0,0,0.0121770886075949,0,0,0,0,0,0,0,0,0,0,0,0,0,0,0,0,0
"4","BRUV","Anacapa",2020,"REF",4.50793650793651,13.2380952380952,0.0827414285714286,1.93312571428571,0,0,0,0,0,0,0,0,0,0,0,0,0,0,0,0,0,0,0,0,0.0158730158730159,0,0,0,0,0,0,0,11.2698412698413,0.984126984126984,0,0,0.603174603174603,0,0,0,0,0,0,0,0,0,0,0,0,0,0,0,0,0,0,0,0,0,0,0,0,0,0,0,0,0,0,0,0,0,0,0,0,0,0,0,0,0,0,0.0476190476190476,0,0,0,0,0.142857142857143,0,0.0476190476190476,0.0793650793650794,0,0,0,0,0,0,0,0,0,0.380952380952381,0,0,0,0,0,0,0,0,0,0,0,0,0,0,0,0,0.53968253968254,0,0,0,0.0158730158730159,0,0,0,0,0.0158730158730159,0,0,0.0952380952380952,0.301587301587302,0,0,0,0,0,0,0,0,0.396825396825397,0,0.0952380952380952,0,0.111111111111111,0.476190476190476,0,0.0634920634920635,0,0,0,0,0,0.53968253968254,0.841269841269841,0,0,0,0.126984126984127,0,0,0,1.11111111111111,0,0,1.87301587301587,0.0317460317460317,0,3.46031746031746,0,0,0.0634920634920635,0,0,0,0,0,0,0,3.25396825396825,0,0,0,0,0,0,0,0,0,0,0,0,0,0,0,0,0,0,0,0,0,0,0,0,0,0,0,0,0,0,0,0,0,0,0,0,0,0.85104253968254,0.0269431746031746,0,0,0.0143236507936508,0,0,0,0,0,0,0,0,0,0,0,0,0,0,0,0,0,0,0,0,0,0,0,0,0,0,0,0,0,0,0,0,0,0,0,0,0,0,0,0,0,0,0,0,0,0,0,0.00270444444444444,0,0,0.00113492063492063,0,0,0,0,0,0,0,0,0,0.0101395238095238,0,0,0,0,0,0,0,0,0,0,0,0,0,0,0,0,0.00144412698412698,0,0,0,0.020247619047619,0,0,0,0,0,0,0,0.0214569841269841,0.167323968253968,0,0,0,0,0,0,0,0,0.00200857142857143,0,3.59514603174603,0,0.0361336507936508,0.00967269841269841,0,0,0,0,0,0,0,0.187611904761905,0.045938253968254,0,0,0,0.00458984126984127,0,0,0,0.482734920634921,0,0,0.11028873015873,0.00850587301587302,0,0.011621746031746,0,0,0,0,0,0,0,0,0,0,0.0193206349206349,0,0,0,0,0,0,0,0,0
"5","BRUV","Santa Rosa",2019,"MPA",9.58620689655172,14.2758620689655,0.134244482758621,11.9100724137931,0,0,0,0,0,0,0.0344827586206897,0,0,0,0,0,0,0,0,0,0,0,0,0,0,0,0,0,0,0,0,0,5.79310344827586,4.20689655172414,0,0,0.827586206896552,0,0,0,0,0,0,0.0344827586206897,0,0,0,0,0,0,0,0,0,0,0,0,0,0,0,0,0,0,0,0,0,0,0,0,0,0,0,0,0,0,0,0,0,0,0,0,0,0.0344827586206897,0,0,1.86206896551724,0,0.517241379310345,0.620689655172414,0,0,0.689655172413793,0,0,0,0,0,0,0,0,0,0,0,0,0,0,0,0,0,0,0,0.137931034482759,0,0,0,1.51724137931034,0.0344827586206897,0,0,0.0689655172413793,1.82758620689655,0,0,0,0,0.0344827586206897,0,0.344827586206897,2.44827586206897,0,0,0,0,0,0,0,0,0,0,0.103448275862069,0,0,0,0,0.620689655172414,0,0,0,0,0,0.724137931034483,3.79310344827586,0,0,0,0.0344827586206897,0,0.103448275862069,0,1.20689655172414,0,0,0.0344827586206897,0,0,0.0344827586206897,0,0,0.103448275862069,0,0,0,0,0,0,0,0,0,0,0,0,0,0,0,0,0,0,0,0,0,0,0,0.000134137931034483,0,0,0,0,0,0,0,0,0,0,0,0,0,0,0,0,0,0,0,0,0,2.33034034482759,0.0317010344827586,0,0,0.0317934482758621,0,0,0,0,0,0,0.00655793103448276,0,0,0,0,0,0,0,0,0,0,0,0,0,0,0,0,0,0,0,0,0,0,0,0,0,0,0,0,0,0,0,0,0,0,0,0,0,0,0,0,0.00722896551724138,0,0.790553448275862,0.0185465517241379,0,0,0.0844886206896552,0,0,0,0,0,0,0,0,0,0,0,0,0,0,0,0,0,0,0,0,0,0,0,0.00452620689655172,3.24137931034483e-05,0,0,0,0.0655172413793103,0,0,0,0,0.00213103448275862,0,0.0887644827586207,1.8821975862069,0,0,0,0,0,0,0,0,0,0,3.05547448275862,0,0,0,0,4.03028206896552,0,0,0,0,0,0.275115862068966,0.497676206896552,0,0,0,0,0,0.00259689655172414,0,1.1787575862069,0,0,0.00479310344827586,0,0,0,0,0,4.74086379310345,0,0,0,0,0,0,0,0,0,0,0,0,0,0,0,0,0
"6","BRUV","Santa Rosa",2019,"REF",2.78571428571429,13.5357142857143,1.97465214285714,6.94855821428571,0,0,0,0,0,0,0,0,0,0,0,0,0,0,0,0,0,0,0,0,0.0357142857142857,0,0,0,0,0,0,0.0357142857142857,5.07142857142857,3.75,0,0,1.67857142857143,0,0,0,0,0,0,0,0,0,0,0,0,0,0,0,0,0,0,0,0,0,0,0,0,0,0,0,0,0,0,0,0,0,0,0,0,0,0,0,0,0,0,0,0,0,0,0,0,0,0.464285714285714,0.571428571428571,0,0,0.571428571428571,0,0,0,0,0,0,0,0,0,0,0,0,0,0,0,0,0,0,0,0.107142857142857,0,0,0,1.28571428571429,0.0714285714285714,0,0,0,0,0,0,0,0,0,0,0.357142857142857,1.07142857142857,0,0,0,0,0,0,0,0,0,0,0.0714285714285714,0,0,0.0357142857142857,0,0,0,0,0,0.0357142857142857,0,0.678571428571429,2.82142857142857,0,0,0,0,0,0.0357142857142857,0,0.821428571428571,0,0,0,0,0,0.392857142857143,0,0,0.107142857142857,0,0,0,0,0,0,0,9.71428571428571,0,0,0,0,0,0,0,0,0,0,0,0,0,0,0,0,0,0,0,0,0,0,0,0,0,0,0,0,0,1.75163071428571,0,0,0,0,0,0,0.000169642857142857,2.28742892857143,0.0483317857142857,0,0,0.0136582142857143,0,0,0,0,0,0,0,0,0,0,0,0,0,0,0,0,0,0,0,0,0,0,0,0,0,0,0,0,0,0,0,0,0,0,0,0,0,0,0,0,0,0,0,0,0,0,0,0,0,1.48754107142857,0.165565714285714,0,0,0.240544642857143,0,0,0,0,0,0,0,0,0,0,0,0,0,0,0,0,0,0,0,0.00653428571428571,0,0,0,0.0070225,0.0008775,0,0,0,0,0,0,0,0,0,0,0.104121428571429,0.826608214285714,0,0,0,0,0,0,0,0,0,0,4.5240175,0,0,0,0,0,0,0,0,0,0,0.279976071428571,0.265654285714286,0,0,0,0,0,0,0,1.37047357142857,0,0,0,0,0,0.00105428571428571,0,0,0.0660175,0,0,0,0,0,0,0,0.0471535714285714,0,0,0,0,0,0,0,0,0
"7","BRUV","Santa Rosa",2020,"MPA",3.52941176470588,17.3529411764706,0.0679188235294118,6.85553794117647,0,0,0,0,0,0,0.0294117647058824,0,0,0,0,0,0,0,0,0,0,0,0,0,0.0294117647058824,0,0,0,0,0,0,0,6.11764705882353,1.67647058823529,0,0,0.441176470588235,0,0,0,0,0,0,0,0,0,0,0,0,0,0,0,0,0,0,0,0,0,0,0,0,0,0,0,0,0,0,0,0,0,0,0,0,0,0,0,0,0,0,0,0,0,0,0,0.794117647058823,0,0.588235294117647,0.294117647058824,0,0,0.352941176470588,0,0.0294117647058824,0,0,0,0,0.205882352941176,0,0,0,0,0,0,0,0,0,0,0,0,0,0,0,0,0.294117647058824,0,0,0,0,0.117647058823529,0,0,0,0,0,0,0.5,2.76470588235294,0,0,0,0,0,0,0,0,0.294117647058824,0,0.0588235294117647,0,0,0,0,0,0,0,0,0,0,1.5,5.79411764705882,0,0,0,0.205882352941176,0,0.0294117647058824,0,0.911764705882353,0,0.0294117647058824,0.0588235294117647,0,0,0.176470588235294,0,0,0.176470588235294,0,0,0,0,0,0,0,0,0,0,0,0,0,0,0,0,0,0,0,0,0,0,0,0,0,0,0,0,0,0,0,0,0,0,0,0,0,0,0,0,0,0,0,0,0,1.45445911764706,0.0415208823529412,0,0,0.0141191176470588,0,0,0,0,0,0,0,0,0,0,0,0,0,0,0,0,0,0,0,0,0,0,0,0,0,0,0,0,0,0,0,0,0,0,0,0,0,0,0,0,0,0,0,0,0,0,0,0,0,0.766296764705882,0.00752,0,0,0.105170882352941,0,0,0,0,0,0,0.0117955882352941,0,0,0,0,0,0,0,0,0,0,0,0,0,0,0,0,0,0,0,0,0,0.00708235294117647,0,0,0,0,0,0,0.126430294117647,2.44978,0,0,0,0,0,0,0,0,0.00181147058823529,0,4.24220235294118,0,0,0,0,0,0,0,0,0,0,0.713654705882353,0.494622941176471,0,0,0,0.00197411764705882,0,0.000176764705882353,0,0.615870294117647,0,0,0.00237735294117647,0,0,0,0,0,0.108794117647059,0,0,0,0,0,0,0,0,0,0,0,0,0,0,0,0,0
"8","BRUV","Santa Rosa",2020,"REF",3.25,11.6388888888889,0.161243611111111,3.72816861111111,0,0,0,0,0,0,0.0833333333333333,0,0,0,0,0,0,0,0,0,0,0,0,0,0,0,0,0,0,0,0,0,4.58333333333333,1.66666666666667,0,0,1.30555555555556,0,0,0,0,0,0,0,0,0,0,0,0,0,0,0,0,0,0,0,0,0,0,0,0,0,0,0,0,0,0,0,0,0,0,0,0,0,0,0,0,0,0,0,0,0,0,0,0.361111111111111,0,0.388888888888889,0.305555555555556,0,0,0.25,0,0,0,0,0,0,0.111111111111111,0,0,0,0,0,0,0,0,0,0,0,0,0,0,0,0,0.583333333333333,0,0,0,0,0.111111111111111,0,0,0,0,0,0,0.222222222222222,1.33333333333333,0,0,0,0,0,0,0,0,0.25,0,0.0277777777777778,0,0,0,0,0.0833333333333333,0,0,0,0,0,1.08333333333333,3.38888888888889,0,0,0,0.0555555555555556,0,0.0277777777777778,0,0.888888888888889,0,0,0.0277777777777778,0,0,0.25,0,0,0.0555555555555556,0,0,0,0,0,0,0,3.47222222222222,0,0,0,0,0,0,0,0,0,0,0,0,0,0,0,0.000618888888888889,0,0,0,0,0,0,0,0,0,0,0,0,0,0,0,0,0,0,0,0,0,1.1210175,0.143555833333333,0,0,0.0052,0,0,0,0,0,0,0,0,0,0,0,0,0,0,0,0,0,0,0,0,0,0,0,0,0,0,0,0,0,0,0,0,0,0,0,0,0,0,0,0,0,0,0,0,0,0,0,0.00440527777777778,0,0.5512675,0.0045725,0,0,0.0128111111111111,0,0,0,0,0,0,0.0028075,0,0,0,0,0,0,0,0,0,0,0,0,0,0,0,0,0.00205111111111111,0,0,0,0,0.0032325,0,0,0,0,0,0,0.0253688888888889,1.09258138888889,0,0,0,0,0,0,0,0,0.000893333333333333,0,0,0,0,0,0,0.297840277777778,0,0,0,0,0,0.224175833333333,0.202590555555556,0,0,0,0,0,0.00632888888888889,0,0.485933611111111,0,0,0,0,0,0,0,0,0,0,0,0,0,0,0,0,0.0401472222222222,0,0,0,0,0,0,0,0,0
"9","CCFRP","Anacapa",2017,"MPA",0,15.42760817925,0,12.3785719356522,0,0,0,0,0,0,0,0,0,0,0,0,0,0,0,0,0,0,0,0,0,0,0,0,0,0,0,0,12.9197275835,0,0,0,0,0,0,0,0,0,0,0,0,0,0,0,0,0,0,0,0,0,0,0,0,0,0,0,0,0,0,0,0,0,0,0,0,0,0,0,0,0,0,0,0,0,0,0,0,0,0,0,0,0,0,0,0,0,0,0,0,1.0994330895,0,0,0,0,0,0,0,0,0,0,0,0,0,0,0,0,0,0,0,0,0,0,0,0,0,0,0,0,0,0.26726397125,0.02958579875,0,0,0.28435981225,0,0,0.050167224,0,0,0,0,0,0,0,0,0,0.0966245,0,0,0,0,0,0,0,0,0,0,0,0,0,0,0,0,0,0.702204332,0,0,0,0,0,0,0,0,0.028409091,0,0,0,0,15.42760817925,0,0,0,0,0,0,0,0,0,0,0,0,0,0,0,0,0,0,0,0,0,0,0,0,0,0,0,0,0,0,0,0,0,0,0,0,0,0,0,0,9.9607553092387,0,0,0,0,0,0,0,0,0,0,0,0,0,0,0,0,0,0,0,0,0,0,0,0,0,0,0,0,0,0,0,0,0,0,0,0,0,0,0,0,0,0,0,0,0,0,0,0,0,0,0,0,0,0,0,0,0,0,0,0,0.532659414097076,0,0,0,0,0,0,0,0,0,0,0,0,0,0,0,0,0,0,0,0,0,0,0,0,0,0,0,0,0,0.134370560768234,0.0239224044332868,0,0,0.247770916830979,0,0,0.016658198577317,0,0,0,0,0,0,0,0,0,0.0363605882255345,0,0,0,0,0,0,0,0,0,0,0,0,0,0,0,0,0,1.42547625240442,0,0,0,0,0,0,0,0,0.0172564896540258,0,0,0,0,12.3785719356522,0,0,0,0,0,0,0,0,0,0,0,0
"10","CCFRP","Anacapa",2017,"REF",0.260757491,8.17892553316667,0.0705602719564027,2.13475273067802,0,0,0,0,0,0,0,0,0,0,0,0,0,0,0,0,0,0,0,0,0,0,0,0,0,0,0,0,6.79292056183333,0,0,0,0.0267379678333333,0,0,0,0,0,0,0,0,0,0,0,0,0,0,0,0,0,0,0.0202839756666667,0,0,0,0,0,0,0,0,0,0,0,0,0,0,0,0,0,0,0,0,0,0,0,0.019047619,0,0,0.0267379678333333,0,0,0,0,0,0,0,0,0.1946879285,0,0,0,0,0,0,0,0,0,0,0,0,0,0,0,0,0,0,0,0,0,0,0,0,0,0,0,0,0,0,0,0,0,0,0.138814952333333,0.326670409166667,0,0,0.060851927,0.047398981,0,0,0,0,0,0,0,0,0.206932037666667,0.0236994905,0,0,0,0,0,0,0,0,0.1677887535,0,0,0,0,0,0,0,0.146010545,0,0,0.0947979618333333,0,0,0,0,0,0.207153872666667,0,0,0,0,8.43968302416667,0,0,0,0,0,0,0,0,0,0,0,0,0,0,0,0,0,0,0,0,0,0,0,0,0,0,0,0,0,0,0,0,0,0,0,0,0,0,0,0,1.60054173901383,0,0,0,0.00277383436096153,0,0,0,0,0,0,0,0,0,0,0,0,0,0,0,0,0,0,0.0128004252207824,0,0,0,0,0,0,0,0,0,0,0,0,0,0,0,0,0,0,0,0,0,0,0,0.00977020389530012,0,0,0.00166520601485516,0,0,0,0,0,0,0,0,0.046324436825465,0,0,0,0,0,0,0,0,0,0,0,0,0,0,0,0,0,0,0,0,0,0,0,0,0,0,0,0,0,0,0,0,0,0,0.0471070363427458,0.163084477143613,0,0,0.027527168095211,0.0176599937784982,0,0,0,0,0,0,0,0,0.077526299873563,0.00287569668254317,0,0,0,0,0,0,0,0,0.0665824886680572,0,0,0,0,0,0,0,0.0493305986968936,0,0,0.0104878316012536,0,0,0,0,0,0.0967827345160618,0,0,0,0,2.20531300263442,0,0,0,0,0,0,0,0,0,0,0,0
"11","CCFRP","Anacapa",2018,"MPA",0.2588453716,14.2694941565,0.195545847974906,10.1314596591936,0,0,0,0,0,0,0,0,0,0,0,0,0,0,0,0,0,0,0,0,0.0164722032,0,0,0,0,0,0,0,11.9472073869,0.0266589604,0,0,0,0,0,0,0,0,0,0,0,0,0,0,0,0,0,0,0,0,0,0.0226415094,0,0,0,0,0,0,0,0,0,0,0,0,0,0,0,0,0,0,0,0,0,0,0,0.1930726986,0,0,0,0,0,0,0,0,0,0,0.0905660377,0,0,1.1498856186,0,0,0,0,0,0,0,0,0,0,0,0,0,0,0,0,0,0,0,0,0,0,0,0,0,0,0,0,0,0.0508647233,0.0203735144,0,0.0835268994,0.1661875277,0,0,0,0,0,0,0,0,0,0,0,0,0.1163091914,0,0,0,0,0,0,0,0,0,0.0494166095,0,0,0,0,0,0,0,0.4652437245,0,0,0,0,0,0,0,0,0.1463851264,0,0,0,0,14.5283395281,0,0,0,0,0,0,0,0,0,0,0,0,0,0,0,0,0,0,0,0,0,0,0,0,0,0,0,0,0,0,0,0,0,0,0,0,0,0,0,0,7.78608189073994,0.00531019493935326,0,0,0,0,0,0,0,0,0,0,0,0,0,0,0,0,0,0,0,0,0,0.0156937266584816,0,0,0,0,0,0,0,0,0,0,0,0,0,0,0,0,0,0,0,0,0,0,0,0.174541926377071,0,0,0,0,0,0,0,0,0,0,0.0523495989553428,0,0,0.745848357892733,0,0,0,0,0,0,0,0,0,0,0,0,0,0,0,0,0,0,0,0,0,0,0,0,0,0,0,0,0,0.0236832344678755,0.0206418988217828,0,0.034032499173006,0.147679611374936,0,0,0,0,0,0,0,0,0,0,0,0,0.045882654858499,0,0,0,0,0,0,0,0,0,0.0207344849229089,0,0,0,0,0,0,0,1.16006411078628,0,0,0,0,0,0,0,0,0.0944613172003408,0,0,0,0,10.3270055071685,0,0,0,0,0,0,0,0,0,0,0,0
"12","CCFRP","Anacapa",2018,"REF",0.149026733625,6.64736467675,0.0529737814571175,2.40439198849304,0,0,0,0,0,0,0,0,0,0,0,0,0,0,0,0,0,0,0,0,0,0,0,0,0,0,0,0,5.538549634,0.04813963025,0,0,0,0,0,0,0,0,0,0,0,0,0,0,0,0,0,0,0,0,0,0,0,0,0,0,0,0,0,0,0,0,0,0,0,0,0,0,0,0,0,0,0,0,0,0.100887103375,0,0,0,0,0,0,0,0,0,0,0.02650176675,0,0,0,0,0,0,0,0,0,0,0,0.02650176675,0,0,0,0,0,0,0,0,0,0,0,0,0,0,0,0,0,0,0,0,0.01391465675,0,0,0.0728714115,0.235799321,0,0,0,0.012919896625,0,0,0,0,0,0,0,0,0.187141473375,0,0,0,0,0,0,0,0,0.049994382625,0.0384615385,0,0,0,0,0,0,0,0.07652221775,0,0,0,0,0,0,0,0,0.36818661175,0,0,0,0,6.796391410375,0,0,0.019723865875,0,0,0,0,0,0,0,0,0,0,0,0,0,0,0,0,0,0,0,0,0,0,0,0,0,0,0,0,0,0,0,0,0,0,0,0,0,1.82102981563975,0.0103991859093171,0,0,0,0,0,0,0,0,0,0,0,0,0,0,0,0,0,0,0,0,0,0,0,0,0,0,0,0,0,0,0,0,0,0,0,0,0,0,0,0,0,0,0,0,0,0.0425745955478004,0,0,0,0,0,0,0,0,0,0,0.00789935757823769,0,0,0,0,0,0,0,0,0,0,0,0.0337258428380304,0,0,0,0,0,0,0,0,0,0,0,0,0,0,0,0,0,0,0,0,0.00415368436895663,0,0,0.024759145365052,0.12577168162058,0,0,0,0.00507629544212627,0,0,0,0,0,0,0,0,0.0738013470119823,0,0,0,0,0,0,0,0,0.0408955680627406,0.0209545589625939,0,0,0,0,0,0,0,0.0589780817735772,0,0,0,0,0,0,0,0,0.187346609829409,0,0,0,0,2.45736576995016,0,0,0.0106018570385815,0,0,0,0,0,0,0,0,0
"13","CCFRP","Anacapa",2019,"MPA",0.0593722632727273,15.5411360773636,0.0435401692001384,10.0521573686282,0,0,0,0,0,0,0,0,0,0,0,0,0,0,0,0,0,0,0,0,0,0,0,0,0,0,0,0,12.839682901,0.0111773472727273,0,0,0,0,0,0,0,0,0,0,0,0,0,0,0,0,0,0,0,0,0,0,0,0,0,0,0,0,0,0,0,0,0,0,0,0,0,0,0,0,0,0,0,0.0183038438181818,0,0.048194916,0,0,0,0,0,0,0,0,0,0,0,0,0,1.494116993,0,0,0,0,0,0,0,0,0,0,0,0,0,0,0,0,0,0,0,0,0,0,0,0,0,0,0,0,0,0.0537399447272727,0,0,0.0552825552727273,0.232597564909091,0,0,0,0.0552825552727273,0,0,0,0,0,0,0,0,0.0657252147272727,0,0,0,0,0,0,0,0,0,0,0,0,0,0.0368550368181818,0,0,0,0.471135924,0,0,0,0,0,0,0,0,0.218413542909091,0,0,0,0,15.6005083406364,0,0,0,0,0,0,0,0,0,0,0,0,0,0,0,0,0,0,0,0,0,0,0,0,0,0,0,0,0,0,0,0,0,0,0,0,0,0,0,0,7.51590341603691,0.00251829207451073,0,0,0,0,0,0,0,0,0,0,0,0,0,0,0,0,0,0,0,0,0,0,0,0,0,0,0,0,0,0,0,0,0,0,0,0,0,0,0,0,0,0,0,0,0,0.0410218771256276,0,0,0,0,0,0,0,0,0,0,0,0,0,0.827254522043989,0,0,0,0,0,0,0,0,0,0,0,0,0,0,0,0,0,0,0,0,0,0,0,0,0,0,0,0,0,0.0208803840728833,0,0,0.0262201946520847,0.247368832268332,0,0,0,0.0250020040434997,0,0,0,0,0,0,0,0,0.0302914275826718,0,0,0,0,0,0,0,0,0,0,0,0,0,0.0522671229067957,0,0,0,1.17000796997527,0,0,0,0,0,0,0,0,0.136961495045738,0,0,0,0,10.0956975378283,0,0,0,0,0,0,0,0,0,0,0,0
"14","CCFRP","Anacapa",2019,"REF",0.0715705765,3.6955281701,0.0351834860899201,1.37400971394624,0,0,0,0,0,0,0,0,0,0,0,0,0,0,0,0,0,0,0,0,0,0,0,0,0,0,0,0,2.8627373808,0,0,0,0,0,0,0,0,0,0,0,0,0,0,0,0,0,0,0,0,0,0,0,0,0,0,0,0,0,0,0,0,0,0,0,0,0,0,0,0,0,0,0,0,0,0,0.0715705765,0,0,0,0,0,0,0,0,0,0,0,0,0,0.0267432442,0,0,0,0,0,0,0,0,0,0,0,0,0,0,0,0,0,0,0,0,0,0,0,0,0,0,0,0,0,0.0130695226,0,0,0.0459574945,0.0872048987,0,0,0,0.0148148148,0,0,0,0,0,0,0,0,0.2623978568,0,0,0,0,0,0,0,0,0.0575139671,0.0555755673,0,0,0,0,0,0,0,0.0354578412,0,0,0.0333400039,0,0,0,0,0,0.2007155778,0,0,0,0,3.7670987466,0,0,0.0114285714,0,0,0,0,0,0,0,0,0,0,0,0,0,0,0,0,0,0,0,0,0,0,0,0,0,0,0,0,0,0,0,0,0,0,0,0,0,0.946100300094999,0,0,0,0,0,0,0,0,0,0,0,0,0,0,0,0,0,0,0,0,0,0,0,0,0,0,0,0,0,0,0,0,0,0,0,0,0,0,0,0,0,0,0,0,0,0,0.0351834860899201,0,0,0,0,0,0,0,0,0,0,0,0,0,0.0129586231277371,0,0,0,0,0,0,0,0,0,0,0,0,0,0,0,0,0,0,0,0,0,0,0,0,0,0,0,0,0,0.00478674943819956,0,0,0.0226655265748472,0.0612356146370093,0,0,0,0.00366767475205116,0,0,0,0,0,0,0,0,0.13523374804039,0,0,0,0,0,0,0,0,0.0299726236368097,0.0159448167390608,0,0,0,0,0,0,0,0.0291704310750844,0,0,0.0037820038358086,0,0,0,0,0,0.108491601994248,0,0,0,0,1.40919320003616,0,0,0.000515193789061076,0,0,0,0,0,0,0,0,0
"15","CCFRP","Anacapa",2020,"MPA",0.0848959989166667,17.8852534321667,0.0725613730603472,12.0866559410558,0,0,0,0,0,0,0,0,0,0,0,0,0,0,0,0,0,0,0,0,0,0,0,0,0,0,0,0,13.9968279065833,0,0,0,0,0,0,0,0,0,0,0,0,0,0,0,0,0,0,0,0,0,0,0,0,0,0,0,0,0,0,0,0,0,0,0,0,0,0,0,0,0,0,0,0,0,0,0.0848959989166667,0,0,0,0,0,0,0.0160771704166667,0,0,0,0,0,0.0306748466666667,1.68057743866667,0,0,0,0,0,0,0,0,0,0,0,0,0,0,0,0,0,0,0,0,0,0,0,0,0,0,0,0,0,0,0.052540913,0,0,0.729238978916667,0,0,0.0179211469166667,0.0888184855833333,0,0,0,0,0,0,0,0,0.07083847525,0,0,0,0,0,0,0,0,0.13862619,0.243521846,0,0,0,0.0811739486666667,0,0,0,0.359425067666667,0,0,0.122549019583333,0,0,0,0,0,0.0896065821666667,0.153915263833333,0,0,0,17.9701494310833,0,0,0,0,0,0,0,0,0,0,0,0,0,0,0,0,0,0,0,0,0,0,0,0,0,0,0,0,0,0,0,0,0,0,0,0,0,0,0,0,9.03000708893426,0,0,0,0,0,0,0,0,0,0,0,0,0,0,0,0,0,0,0,0,0,0,0,0,0,0,0,0,0,0,0,0,0,0,0,0,0,0,0,0,0,0,0,0,0,0,0.0725613730603473,0,0,0,0,0,0,0.018207075776194,0,0,0,0,0,0.0717249732826258,1.03065658548716,0,0,0,0,0,0,0,0,0,0,0,0,0,0,0,0,0,0,0,0,0,0,0,0,0,0,0,0,0,0,0.0515747674581607,0,0,0.688262758645297,0,0,0.000807875565283946,0.0523805206441607,0,0,0,0,0,0,0,0,0.0392598106653304,0,0,0,0,0,0,0,0,0.199473368310455,0.121433483633375,0,0,0,0.0817154322672248,0,0,0,0.562463646257089,0,0,0.0278217839078259,0,0,0,0,0,0.0472993761886271,0.0643752695979954,0,0,0,12.1592173141161,0,0,0,0,0,0,0,0,0,0,0,0
"16","CCFRP","Anacapa",2020,"REF",0,3.76108760145455,0,1.6536216460947,0,0,0,0,0,0,0,0,0,0,0,0,0,0,0,0,0,0,0,0,0,0,0,0,0.0251216831818182,0,0,0,2.45988214581818,0,0,0,0,0,0,0,0,0,0,0,0,0,0,0,0,0,0,0,0,0,0,0,0,0,0,0,0,0,0,0,0,0,0,0,0,0,0,0,0,0,0,0,0,0,0,0,0,0,0,0,0,0,0.0325206199090909,0,0,0,0,0,0,0,0,0,0,0,0,0,0,0,0,0,0,0,0,0,0,0,0,0,0,0,0,0,0,0,0,0,0,0,0,0,0,0,0.0508628468181818,0.185477970545455,0,0,1.32875787545455,0.0422339826363636,0,0,0,0,0,0,0,0,0.300254030545455,0,0,0,0,0,0,0,0,0.029673141,0.208753554727273,0,0,0,0,0,0,0,0.0997766967272727,0,0,0.12779548,0,0,0,0,0,0.186174607727273,0.0125608415454545,0,0,0,3.76108760145455,0,0,0,0,0,0,0,0,0,0,0,0,0,0,0,0,0,0,0,0,0,0,0,0,0,0,0,0,0,0,0,0,0,0,0,0,0.000878311777187883,0,0,0,0.91520549440153,0,0,0,0,0,0,0,0,0,0,0,0,0,0,0,0,0,0,0,0,0,0,0,0,0,0,0,0,0,0,0,0,0,0,0,0,0,0,0,0,0,0,0,0,0,0,0,0,0,0,0,0,0,0.0369065780863126,0,0,0,0,0,0,0,0,0,0,0,0,0,0,0,0,0,0,0,0,0,0,0,0,0,0,0,0,0,0,0,0,0,0,0,0,0,0,0,0.0203066019557867,0.108716169444466,0,0,0.226022593635192,0.022714215438603,0,0,0,0,0,0,0,0,0.142868351926129,0,0,0,0,0,0,0,0,0.0460713269431442,0.0766821451695753,0,0,0,0,0,0,0,0.166798195492305,0,0,0.016525748667368,0,0,0,0,0,0.0965723613663732,0.00337614542592127,0,0,0,1.6536216460947,0,0,0,0,0,0,0,0,0,0,0,0
"17","CCFRP","Santa Rosa",2017,"MPA",0,13.1935514433333,0,13.2784630079522,0,0,0,0,0,0,0,0,0,0,0,0,0,0,0,0,0,0,0,0,0,0,0,0,0,0,0,0,5.2150338665,0,0,0,0,0,0,0,0,0,0,0,0,0,0,0,0,0,0,0,0,0,0,0,0,0,0,0,0,0,0,0,0,0,0,0,0,0,0,0,0,0,0,0,0,0,0,0,0,0,0,0,0,0,0.495026381,0,0,0,0,0,0,0.2756053425,0,0,0,0,0,0,0,0,0,0,0,0,0,0,0,0,0,0,0,0,0,0,0,0,0,0,0,0,0,0.161053860333333,0,0,0.706878558166667,4.64867325066667,0,0.0197238658333333,0.081629617,0,0,0,0,0,0,0.0197238658333333,0,0,0.0375727973333333,0.0277777778333333,0,0,0,0,0,0.0197238658333333,0,0.132394194166667,0.878186906666667,0,0,0,0,0,0,0,0.406088553,0,0,0,0,0,0,0.150088357333333,0,0,0,0,0,0,13.1935514433333,0,0,0,0,0,0,0,0,0,0,0,0,0,0,0,0,0,0,0,0,0,0,0,0,0,0,0,0,0,0,0,0,0,0,0,0,0,0,0,0,4.71678232311855,0,0,0,0,0,0,0,0,0,0,0,0,0,0,0,0,0,0,0,0,0,0,0,0,0,0,0,0,0,0,0,0,0,0,0,0,0,0,0,0,0,0,0,0,0,0,0,0,0,0,0,0,0,0.926483683946648,0,0,0,0,0,0,0.163414509841182,0,0,0,0,0,0,0,0,0,0,0,0,0,0,0,0,0,0,0,0,0,0,0,0,0,0,0,0,0,0.0911489712382787,0,0,0.344642885219739,5.18698915509984,0,0.0114278794531648,0.0251224879970457,0,0,0,0,0,0,0.00167958038306408,0,0,0.0222451771419123,0.00441354038032722,0,0,0,0,0,0.0351549437793535,0,0.1881227805887,0.30028173578464,0,0,0,0,0,0,0,1.2380711492101,0,0,0,0,0,0,0.0476046927667208,0,0,0,0,0,0,13.2784630079522,0,0,0,0,0,0,0,0,0,0,0,0
"18","CCFRP","Santa Rosa",2017,"REF",0.0710315436666667,12.164278775,0.052536757965477,6.7484462434315,0,0,0,0,0,0,0,0,0,0,0,0,0,0,0,0,0,0,0,0,0,0,0,0,0,0,0,0,4.93680752183333,0.0407285133333333,0,0,0.0234494078333333,0,0,0,0,0,0,0,0,0,0,0,0,0,0,0,0,0,0,0,0,0,0,0,0,0,0,0,0,0,0,0,0,0,0,0,0,0,0,0,0,0,0,0,0,0,0,0,0,0,0.464020093666667,0,0,0,0.0495207333333333,0,0,0.214757559166667,0,0,0,0,0,0,0,0,0,0,0,0,0,0,0,0,0,0,0,0,0,0,0,0,0.0303030303333333,0,0,0,0,0.441927752833333,0.0261597488333333,0,0.258256968333333,2.257604419,0,0.0486736431666667,2.25575234916667,0,0,0,0,0,0,0.0203832041666667,0,0,0,0,0,0,0,0,0,0.0145687645,0,0.0698660425,3.04136878083333,0,0,0,0,0,0,0,0.0750230561666667,0,0,0,0,0,0,0.221891076,0,0,0,0,0,0,12.2353103186667,0,0,0,0,0,0,0,0,0,0,0,0,0,0,0,0,0,0,0,0,0,0,0,0,0,0,0,0,0,0,0,0,0,0,0,0,0,0,0,0,2.42599249414363,0.00826503456948267,0,0,0.00282742128648025,0,0,0,0,0,0,0,0,0,0,0,0,0,0,0,0,0,0,0,0,0,0,0,0,0,0,0,0,0,0,0,0,0,0,0,0,0,0,0,0,0,0,0,0,0,0,0,0,0,0.906695262571462,0,0,0,0.00782288409327805,0,0,0.0770483956093224,0,0,0,0,0,0,0,0,0,0,0,0,0,0,0,0,0,0,0,0,0,0,0,0,0.0442717233959943,0,0,0,0,0.190265009068728,0.0166653501230784,0,0.0832026242631237,1.69290504686771,0,0.0132027329133422,0.791139109944854,0,0,0,0,0,0,0.0103439780825726,0,0,0,0,0,0,0,0,0,0.0428391239166647,0,0.103396293469757,0.915406113116195,0,0,0,0,0,0,0,0.197005602004472,0,0,0,0,0,0,0.0628279119016845,0,0,0,0,0,0,6.80098300139698,0,0,0,0,0,0,0,0,0,0,0,0
"19","CCFRP","Santa Rosa",2018,"MPA",0,12.9879647412,0,12.4763768156628,0,0,0,0,0,0,0,0,0,0,0,0,0,0,0,0,0,0,0,0,0,0,0,0,0.0217391304,0,0,0,5.1438617826,0,0,0,0,0,0,0,0,0,0,0,0,0,0,0,0,0,0,0,0,0,0,0,0,0,0,0,0,0,0,0,0,0,0,0,0,0,0,0,0,0,0,0,0,0,0,0,0,0,0,0,0,0,0.5428408868,0,0,0,0.1221440565,0,0,0.0195726636,0,0,0,0,0,0,0,0,0,0,0,0,0,0,0,0,0,0,0,0,0,0,0,0,0,0,0,0,0,0.2880899801,0,0,0.8697187559,4.4697143232,0,0.0587179907,0.0920570245,0,0,0,0,0,0,0,0,0,0.0349206349,0,0.0111111111,0,0,0,0,0.0304422288,0,0.2833299795,0.6509983926,0,0,0,0,0,0,0,0.393729892,0,0.0113528855,0,0,0,0,0,0,0.0467911573,0,0,0,0,12.9879647412,0,0,0,0,0,0,0,0,0,0,0,0,0,0,0,0,0,0,0,0,0,0,0,0,0,0,0,0,0,0,0,0,0,0,0,0,0.00194357377309994,0,0,0,4.23444668041276,0,0,0,0,0,0,0,0,0,0,0,0,0,0,0,0,0,0,0,0,0,0,0,0,0,0,0,0,0,0,0,0,0,0,0,0,0,0,0,0,0,0,0,0,0,0,0,0,0,0,0,0,0,1.22709419084756,0,0,0,0.0236902729935858,0,0,0.0202876517003838,0,0,0,0,0,0,0,0,0,0,0,0,0,0,0,0,0,0,0,0,0,0,0,0,0,0,0,0,0,0.153336303976636,0,0,0.398675846933303,4.73307200423726,0,0.0415935741340885,0.0358593133587119,0,0,0,0,0,0,0,0,0,0.0225330948473393,0,0.00964102379868206,0,0,0,0,0.0450986305710931,0,0.382723162996984,0.180602616332447,0,0,0,0,0,0,0,0.975683592988446,0,0.00363350770611303,0,0,0,0,0,0,0.0319621112117135,0,0,0,0,12.4763768156628,0,0,0,0,0,0,0,0,0,0,0,0
"20","CCFRP","Santa Rosa",2018,"REF",0,11.1947418095,0,7.78278343251218,0,0,0,0,0,0,0,0,0,0,0,0,0,0,0,0,0,0,0,0,0,0,0,0,0,0,0,0,4.716424012,0,0,0,0,0,0,0,0,0,0,0,0,0,0,0,0,0,0,0,0,0,0,0,0,0,0,0,0,0,0,0,0,0,0,0,0,0,0,0,0,0,0,0,0,0,0,0,0,0,0,0,0,0,0.3727933254,0,0,0,0.1721005349,0,0.0194805195,0.0115384615,0,0,0,0,0,0,0,0,0,0,0,0,0,0,0,0,0,0,0,0,0,0,0,0,0,0,0,0,0.0113636364,0.1423591446,0.0265760555,0,0.6039858019,2.4952314639,0.0130067201,0,0.3721073162,0.023369036,0,0,0,0,0,0,0,0,0.0113636364,0,0.0467380721,0,0,0,0,0.0120072043,0,0.2768462567,2.0548052466,0,0,0,0,0,0,0,0.1907773866,0,0,0,0,0,0,0,0,0.0535452619,0,0,0,0,11.1947418095,0,0,0,0,0,0,0,0,0,0.0115384615,0,0,0,0,0,0,0,0,0,0,0,0,0,0,0,0,0,0,0,0,0,0,0,0,0,0,0,0,0,0,2.84807294119099,0,0,0,0,0,0,0,0,0,0,0,0,0,0,0,0,0,0,0,0,0,0,0,0,0,0,0,0,0,0,0,0,0,0,0,0,0,0,0,0,0,0,0,0,0,0,0,0,0,0,0,0,0,1.00039697748391,0,0,0,0.0351716395321839,0,0.0234184244376791,0.0119599607944131,0,0,0,0,0,0,0,0,0,0,0,0,0,0,0,0,0,0,0,0,0,0,0,0,0,0,0,0,0.0125924751741461,0.0653209959042184,0.0228734603937697,0,0.252180998418449,2.24445316327872,0.0108604067612564,0,0.105785905953566,0.00880655639496139,0,0,0,0,0,0,0,0,0.00554927230408956,0,0.0425369760773439,0,0,0,0,0.029530801873942,0,0.289719313051902,0.541405629947443,0,0,0,0,0,0,0,0.506169138488753,0,0,0,0,0,0,0,0,0.0274859478112149,0,0,0,0,7.78278343251218,0,0,0,0,0,0,0,0,0,0,0,0
"21","CCFRP","Santa Rosa",2019,"MPA",0,15.5218710818889,0,16.12096389832,0,0,0,0,0,0,0,0,0,0,0,0,0,0,0,0,0,0,0,0,0,0,0,0,0,0,0,0,6.93867982622222,0,0,0,0,0,0,0,0,0,0,0,0,0,0,0,0,0,0,0,0,0,0,0,0,0,0,0,0,0,0,0,0,0,0,0,0,0,0,0,0,0,0,0,0,0,0,0,0,0,0,0,0,0,0.624287849555556,0,0,0,0.025120612,0,0,0.0115290387777778,0,0,0,0,0,0,0,0,0,0.0135915732222222,0,0,0,0,0,0,0,0,0,0,0,0,0,0,0,0,0,0,0,0.0772023538888889,0,0,0.488586698222222,4.71427023055556,0,0.0511345477777778,0.0375375502222222,0,0,0,0,0,0,0.0130463144444444,0,0,0.0370121952222222,0,0,0,0,0,0,0.0127836368888889,0,0.802621418111111,1.239451203,0,0,0,0,0,0,0,0.325694846888889,0,0,0.027704144,0,0,0,0.0273224043333333,0,0.0787858746666667,0.0130463144444444,0,0,0,15.5218710818889,0,0,0.0126382306666667,0,0,0,0,0,0,0,0,0,0,0,0,0,0,0,0,0,0,0,0,0,0,0,0,0,0,0,0,0,0,0,0,0,0,0,0,0,6.6801735806917,0,0,0,0,0,0,0,0,0,0,0,0,0,0,0,0,0,0,0,0,0,0,0,0,0,0,0,0,0,0,0,0,0,0,0,0,0,0,0,0,0,0,0,0,0,0,0,0,0,0,0,0,0,1.56321000342076,0,0,0,0.0100107511493541,0,0,0.00890580221352092,0,0,0,0,0,0,0,0,0,0.0105994348110672,0,0,0,0,0,0,0,0,0,0,0,0,0,0,0,0,0,0,0,0.0399064076249621,0,0,0.213876448765056,5.01031688511957,0,0.0248920768515127,0.0118650918603717,0,0,0,0,0,0,0.00852569434602574,0,0,0.0313950383947747,0,0,0,0,0,0,0.0243652268224683,0,1.08033849905513,0.66816880814698,0,0,0,0,0,0,0,0.681076208018956,0,0,0.00391025886057364,0,0,0,0.00960124989884072,0,0.046653788824362,0.00503773530433733,0,0,0,16.12096389832,0,0,0.00419656777174998,0,0,0,0,0,0,0,0,0
"22","CCFRP","Santa Rosa",2019,"REF",0.0227920227777777,10.4122391356667,0.006585790699871,6.39294145734162,0,0,0,0,0,0,0,0,0,0,0,0,0,0,0,0,0,0,0,0,0,0,0,0,0,0,0,0,4.58544739644444,0.0227920227777778,0,0,0,0,0,0,0,0,0,0,0,0,0,0,0,0,0,0,0,0,0,0,0,0,0,0,0,0,0,0,0,0,0,0,0,0,0,0,0,0,0,0,0,0,0,0,0,0,0,0,0,0,0.236780378666667,0,0,0,0.119134236444444,0,0.0129261593333333,0.0113960114444444,0,0,0,0,0,0,0,0,0,0,0,0,0,0,0,0,0,0,0,0,0,0,0,0,0,0,0,0,0.0129261593333333,0.187113564777778,0.166490476,0,0.211037457111111,1.83396560055556,0,0.0227920227777778,0.619244356666667,0,0,0,0,0,0,0,0,0,0.0616683545555556,0,0,0,0,0,0,0.0300165755555556,0,0.110574658555556,2.61139929666667,0,0,0,0,0,0,0,0.0611494076666667,0,0,0.0125786163333333,0,0,0,0.0730654727777778,0,0.0647034505555556,0,0,0,0,10.4350311584444,0,0,0.225674246555556,0,0,0,0,0,0,0,0,0,0,0,0,0,0,0,0,0,0,0,0,0,0,0,0,0,0,0,0,0,0,0,0,0,0,0,0,0,2.67065649025909,0.00658579069987096,0,0,0,0,0,0,0,0,0,0,0,0,0,0,0,0,0,0,0,0,0,0,0,0,0,0,0,0,0,0,0,0,0,0,0,0,0,0,0,0,0,0,0,0,0,0,0,0,0,0,0,0,0.467744298469704,0,0,0,0.0375970559060337,0,0.0414621137349512,0.0110042238512429,0,0,0,0,0,0,0,0,0,0,0,0,0,0,0,0,0,0,0,0,0,0,0,0,0,0,0,0,0,0.0943044243064003,0.145968019311321,0,0.0658336661407187,1.56004153562142,0,0.00640312449813724,0.223385278058293,0,0,0,0,0,0,0,0,0,0.036642981670829,0,0,0,0,0,0,0.0235550952568543,0,0.119659021687695,0.956199064153202,0,0,0,0,0,0,0,0.0922141732441516,0,0,0.00219083748881609,0,0,0,0.0285085921803887,0,0.0329567395606632,0,0,0,0,6.39952724804149,0,0,0.0741237107971581,0,0,0,0,0,0,0,0,0
"23","CCFRP","Santa Rosa",2020,"MPA",0.0102669404166666,17.65243297475,0.00204507056778406,15.3047205005732,0,0,0,0,0,0,0,0,0,0,0,0,0,0,0,0,0,0,0,0,0,0,0,0,0,0,0,0,6.45734323416667,0.0102669404166667,0,0,0,0,0,0,0,0,0,0,0,0,0,0,0,0,0,0,0,0,0,0,0,0,0,0,0,0,0,0,0,0,0,0,0,0,0,0,0,0,0,0,0,0,0,0,0,0,0,0,0,0,0.174837122666667,0,0,0,0.0119617225,0,0,0.062849197,0,0,0,0,0,0,0,0,0,0,0,0,0,0,0,0,0,0,0,0,0,0,0,0,0,0,0,0,0,0.24907963875,0.01128668175,0,0.775744365416667,4.59416981633333,0,0.0338983050833333,0.0119617225,0,0,0,0,0,0,0.0102669404166667,0,0,0.121815606333333,0,0,0,0,0,0,0,0,0.452690686,3.83932834633333,0,0,0,0,0,0,0,0.74641392175,0,0,0,0,0,0,0.0685927933333333,0,0.0421545964166667,0,0,0,0,17.6626999151667,0,0,0,0,0,0,0,0,0,0,0,0,0,0,0,0,0,0,0,0,0,0,0,0,0,0,0,0,0,0,0,0,0,0,0,0,0,0,0,0,5.07068680277384,0.00204507056778406,0,0,0,0,0,0,0,0,0,0,0,0,0,0,0,0,0,0,0,0,0,0,0,0,0,0,0,0,0,0,0,0,0,0,0,0,0,0,0,0,0,0,0,0,0,0,0,0,0,0,0,0,0.343431652171616,0,0,0,0.00784129375938778,0,0,0.0624718457269924,0,0,0,0,0,0,0,0,0,0,0,0,0,0,0,0,0,0,0,0,0,0,0,0,0,0,0,0,0,0.130729124896636,0.012180449929723,0,0.328524510280118,4.71878815816912,0,0.0218263586679343,0.00470295386841096,0,0,0,0,0,0,0.0052102214038076,0,0,0.0751356755516982,0,0,0,0,0,0,0,0,0.66451635759969,1.80152787444034,0,0,0,0,0,0,0,2.01808066054172,0,0,0,0,0,0,0.018751508490877,0,0.0250180061696719,0,0,0,0,15.306765571141,0,0,0,0,0,0,0,0,0,0,0,0
"24","CCFRP","Santa Rosa",2020,"REF",0.0227272727500001,13.6986480214167,0.00611153951697233,7.74454880527733,0,0,0,0,0,0,0,0,0,0,0,0,0,0,0,0,0,0,0,0,0,0,0,0,0,0,0,0,5.623248896,0.02272727275,0,0,0,0,0,0,0,0,0,0,0,0,0,0,0,0,0,0,0,0,0,0,0,0,0,0,0,0,0,0,0,0,0,0,0,0,0,0,0,0,0,0,0,0,0,0,0,0,0,0,0,0,0.170254964666667,0,0,0,0.0121065375,0,0.0112107623333333,0,0,0,0,0,0,0,0,0,0,0,0,0,0,0,0,0,0,0,0,0,0,0,0,0,0,0,0,0,0.0096899225,0.116187386,0.02990616075,0,0.701184821,1.63217582383333,0,0.0548377925833333,0.04418650025,0,0,0,0,0,0,0.02272727275,0,0,0.0860642183333333,0.0103519668333333,0,0,0,0,0,0.0116009280833333,0,0.236791955083333,4.49182735633333,0,0,0,0,0,0.0232176485833333,0,0.163747821166667,0,0,0.0232018561666667,0,0,0,0.187918687,0,0.090085165,0,0,0,0,13.7213752941667,0,0,0,0,0,0,0,0,0,0,0,0,0,0,0,0,0,0,0,0,0,0,0,0,0,0,0,0,0,0,0,0,0,0,0,0,0,0,0,0,3.43232729036871,0.00611153951697237,0,0,0,0,0,0,0,0,0,0,0,0,0,0,0,0,0,0,0,0,0,0,0,0,0,0,0,0,0,0,0,0,0,0,0,0,0,0,0,0,0,0,0,0,0,0,0,0,0,0,0,0,0.356753161474323,0,0,0,0.0110435688923242,0,0.042285550885589,0,0,0,0,0,0,0,0,0,0,0,0,0,0,0,0,0,0,0,0,0,0,0,0,0,0,0,0,0,0.0130560758988768,0.0592924773940626,0.0251328273044002,0,0.266086210829214,1.3534712374155,0,0.0136703834426831,0.0198056595343503,0,0,0,0,0,0,0.0112108200473222,0,0,0.0575203144577279,0.0023654197340261,0,0,0,0,0,0.0221110193543982,0,0.273253109670044,1.43529097757881,0,0,0,0,0,0.00464583943283191,0,0.266843319147285,0,0,0.00437252749763847,0,0,0,0.0554528259722876,0,0.0514199243781636,0,0,0,0,7.7506603447943,0,0,0,0,0,0,0,0,0,0,0,0
"25","SCUBA","Anacapa",2017,"MPA",53.5416666666667,10.5972222222222,0.675626365888889,0.419917859777778,0,0,0,0,0,0,0,0,0,0,0,0.25,0,0,0,0,0.75,0,0,0,0,0,0,0,0,0,0,0,0.319444444444444,13.9583333333333,2.125,0,0,0,0,0,0,0,0,2.94444444444444,0,0,0,0,0,0,0,0,0,0,0.0555555555555556,2.56944444444444,0,0,0,0,0,0,0,0,0,0,0,0,16.125,3.29166666666667,6.98611111111111,0,0,0,0,0.194444444444444,0,0,0,0.708333333333333,0,0,0,0,3.65277777777778,0,0,0.152777777777778,0,0,0.0555555555555556,0,0,6.40277777777778,0.208333333333333,0,0,0,0,0,0,0,0,0,0,0,0,0,0,0,0,0,0,0,0,0,0,0,0.0277777777777778,0.194444444444444,0.0277777777777778,0,0,0.0277777777777778,0,0,0.0138888888888889,0,0,0,0,0,0,0,0,0,0,0,0,0,0.0138888888888889,0,0,0,0,0,0,0,0,0,0,0.0277777777777778,0,0,0,0,0,0,3.20833333333333,0.0555555555555556,0,0,0,0,0,0,0,0.0416666666666667,0,0,0,0,0,0,0,0,0,0,0,0,0,0,0,0,0,0,0,0,0,0,0,0,0,0,0,0,0.00167037666666667,0,0,0,0,0.00189698944444444,0,0,0,0,0,0,0,0,0,0,0,0.0188127068888889,0.0457411311111111,0.000185357777777778,0,0,0,0,0,0,0,0,0.0223501201111111,0,0,0,0,0,0,0,0,0,0,0.0537321072222222,0.299096869333333,0,0,0,0,0,0,0,0,0,0,0,0,0.00208322311111111,0.115168060555556,0.0871083256666667,0,0,0,0,0.000143917666666667,0,0,0,0.0277296036666667,0,0,0,0,0.0185650102222222,0,0,0.000530033333333333,0,0,0.00106230755555556,0,0,0.277128436222222,0.000113978444444444,0,0,0,0,0,0,0,0,0,0,0,0,0,0,0,0,0,0,0,0,0,0,0,4.30747777777778e-05,0.00139646555555556,6.93333333333333e-06,0,0,0.000105781555555556,0,0,0.000724771555555556,0,0,0,0,0,0,0,0,0,0,0,0,0,7.14701111111111e-05,0,0,0,0,0,0,0,0,0,0,1.84367777777778e-05,0,0,0,0,0,0,0.119590438777778,0.000106392444444444,0,0,0,0,0,0,0,0.00203228288888889,0,0,0,0,0,0,0,0,0,0,0,0,0,0,0,0,0
"26","SCUBA","Anacapa",2017,"REF",52.5,14.75,0.642065288666667,0.382437114666667,0,0,0,0,0,0,0,0,0,0,0,4.16666666666667,0,0,0,0,0,0,0,0,0,0,0,0,0,0,0,0,1.45833333333333,28.5416666666667,0,0,0,0,0,0,0,0,0,2.91666666666667,0,0,0,0,0,0,0,0,0,0,0.0416666666666667,1.45833333333333,0,0,0,0,0,0,0,0,0,0,0,0,0,5.16666666666667,8.79166666666667,0,0,0,0,0,0,0,0,2.91666666666667,0,0,0,0,2.5,0,0,0.125,0,0,0,0,0,8.08333333333333,0,0,0,0,0,0,0,0,0,0,0,0,0,0,0,0,0,0,0,0,0,0,0,0,0,0.0416666666666667,0,0,0,0,0,0,0,0,0,0,0,0,0,0,0,0,0,0,0,0,0,0,0,0,0,0,0,0,0,0,0,0.208333333333333,0,0,0,0,0,0,4.95833333333333,0.0416666666666667,0,0,0,0,0,0,0,0,0,0,0,0,0,0,0,0,0,0,0,0,0,0,0,0,0,0,0,0,0,0,0,0,0,0,0,0,0.00319403966666667,0,0,0,0,0,0,0,0,0,0,0,0,0,0,0,0,0.0355979566666667,0.113666262666667,0,0,0,0,0,0,0,0,0,0.0367913516666667,0,0,0,0,0,0,0,0,0,0,0.05241229,0.0820327556666667,0,0,0,0,0,0,0,0,0,0,0,0,0,0.142434714333333,0.0736326906666667,0,0,0,0,0,0,0,0,0.123642087666667,0,0,0,0,0.0164516803333333,0,0,0.000595968666666667,0,0,0,0,0,0.252171216,0,0,0,0,0,0,0,0,0,0,0,0,0,0,0,0,0,0,0,0,0,0,0,0,0,0.000405485666666667,0,0,0,0,0,0,0,0,0,0,0,0,0,0,0,0,0,0,0,0,0,0,0,0,0,0,0,0,0,0,0,0.000113525333333333,0,0,0,0,0,0,0.094446966,0.000107450333333333,0,0,0,0,0,0,0,0,0,0,0,0,0,0,0,0,0,0,0,0,0,0,0,0,0
"27","SCUBA","Anacapa",2018,"MPA",39.0972222222222,7.72222222222222,0.516552026777778,0.360856653444444,0,0,0,0,0,0,0,0,0,0,0,0,0,0,0,0,3.66666666666667,0,0,0,0.0138888888888889,2.5,0,0,0,0,0,0,0.138888888888889,6.48611111111111,0.319444444444444,0.0138888888888889,0,0,0,0,0,0,0,1.90277777777778,0,0,0,0,0,0,0,0,0,0,0.0416666666666667,1.59722222222222,0,0,0,0,0,0,0,0,0.0277777777777778,0,0,0,12.5972222222222,3.43055555555556,3.63888888888889,0,0,0,0,0.0972222222222222,0,0,0,1.02777777777778,0,0,0,0,1.65277777777778,0,0,0.138888888888889,0,0.0416666666666667,0.125,0,0.0416666666666667,4.77777777777778,0.125,0,0,0,0,0,0,0,0,0,0,0,0,0,0,0,0,0,0,0,0,0,0,0,0.0138888888888889,0.0555555555555556,0.0416666666666667,0,0,0.0416666666666667,0,0,0,0,0,0,0,0,0,0,0,0,0,0,0,0,0.0138888888888889,0,0,0,0,0,0,0,0,0,0,0.0138888888888889,0,0,0,0,0,0,2.20833333333333,0,0,0,0,0,0,0,0,0.0416666666666667,0,0,0,0,0,0,0,0,0,0,0,0,0,0,0,0,0,0,0,0,0,0,0,0,0,0,0,0,0,0,0,0,0,0.00969246877777778,0,0,0,0.0312131877777778,0.002659761,0,0,0,0,0,0,0.00874439433333333,0.0300119788888889,3.17893333333333e-05,0.00142613933333333,0,0,0,0,0,0,0,0.0147461941111111,0,0,0,0,0,0,0,0,0,0,0.0249826427777778,0.147729717333333,0,0,0,0,0,0,0,0,0.0100430223333333,0,0,0,0.00337937755555556,0.157942002222222,0.052651707,0,0,0,0,4.87116666666667e-05,0,0,0,0.0490138691111111,0,0,0,0,0.012963523,0,0,0.000526538222222222,0,1.65176666666667e-05,0.00271663722222222,0,0.0449165472222222,0.163646791888889,6.25918888888889e-05,0,0,0,0,0,0,0,0,0,0,0,0,0,0,0,0,0,0,0,0,0,0,0,5.46757777777778e-05,0.000122759222222222,3.41202222222222e-05,0,0,0.00285443633333333,0,0,0,0,0,0,0,0,0,0,0,0,0,0,0,0,0.000441675444444444,0,0,0,0,0,0,0,0,0,0,7.06666666666667e-06,0,0,0,0,0,0,0.134176632444444,0,0,0,0,0,0,0,0,0.00176439144444444,0,0,0,0,0,0,0,0,0,0,0,0,0,0,0,0,0
"28","SCUBA","Anacapa",2018,"REF",38.25,8.33333333333333,0.919668542,0.364225129333333,0,0,0,0,0,0,0,0,0,0,0,3.58333333333333,0,0,0,0,0,0,0,0,0.0833333333333333,0,0,0,0,0,0,0,0.75,17.9583333333333,0,0,0,0,0,0,0,0,0,0.291666666666667,0,0,0,0,0,0,0,0,0,0,0,2.54166666666667,0,0,0,0,0,0,0,0,0.0416666666666667,0,0,0,0.0833333333333333,2.41666666666667,5.75,0,0,0,0,0,0,0,0,5.625,0,0,0,0,3.33333333333333,0,0,0.125,0,0,0,0,0,4.79166666666667,0,0.0416666666666667,0,0,0,0,0,0,0,0,0,0,0,0,0,0,0,0,0,0,0,0,0,0,0,0.0416666666666667,0,0,0,0,0,0,0,0,0,0,0,0,0,0,0,0,0,0,0,0,0.0416666666666667,0,0,0,0,0,0,0,0,0,0,0.0416666666666667,0,0,0,0,0,0,2.70833333333333,0,0,0,0,0,0,0,0,0,0,0,0,0,0,0,0,0,0,0,0,0,0,0,0,0,0,0,0,0,0,0,0,0,0,0,0,0,0.0123098976666667,0,0,0,0,0,0,0,0,0.13632976,0,0,0,0,0,0,0,0.0566940153333333,0.121571746,0,0,0,0,0,0,0,0,0,0.00600660466666667,0,0,0,0,0,0,0,0,0,0,0,0.194413363333333,0,0,0,0,0,0,0,0,0.002517481,0,0,0,0.000132859666666667,0.148424612,0.101583606333333,0,0,0,0,0,0,0,0,0.308277334666667,0,0,0,0,0.0320657863333333,0,0,0.000753010333333333,0,0,0,0,0,0.208035981333333,0,0.00111243733333333,0,0,0,0,0,0,0,0,0,0,0,0,0,0,0,0,0,0,0,0,0,0,0,0.00280968833333333,0,0,0,0,0,0,0,0,0,0,0,0,0,0,0,0,0,0,0,0,0.000123743666666667,0,0,0,0,0,0,0,0,0,0,7.41553333333333e-05,0,0,0,0,0,0,0.099297234,0,0,0,0,0,0,0,0,0,0,0,0,0,0,0,0,0,0,0,0,0,0,0,0,0,0
"29","SCUBA","Anacapa",2019,"MPA",26.8472222222222,8.08333333333333,0.268999772777778,0.361320384111111,0,0,0,0,0,0,0,0,0,0,0,0,0,0,0,0,0.347222222222222,0,0,0,0,0,0,0,0,0,0,0,1.01388888888889,9.44444444444444,0.0277777777777778,0,0,0,0,0,0,0,0,0.472222222222222,0,0,0,0,0,0,0,0,0,0,0,1.80555555555556,0,0,0,0,0,0,0,0,0,0,0,0,7.52777777777778,1.68055555555556,2.52777777777778,0,0,0,0,0,0,0,0,0.666666666666667,0,0,0,0,2.26388888888889,0,0,0.0416666666666667,0,0,0,0,0,4.26388888888889,0.0277777777777778,0,0,0,0,0,0,0,0,0,0,0,0,0,0,0,0,0,0,0,0,0,0,0,0,0.0416666666666667,0.0138888888888889,0,0.0277777777777778,0.0416666666666667,0.0138888888888889,0,0,0,0,0,0,0,0,0,0,0,0,0,0.0138888888888889,0,0.0138888888888889,0,0,0,0,0,0,0,0,0,0,0.0555555555555556,0,0,0,0,0,0,2.59722222222222,0.0138888888888889,0,0,0,0,0,0,0,0.0277777777777778,0,0,0,0,0,0,0,0,0,0,0,0,0,0,0,0,0,0,0,0,0,0,0,0,0,0,0,0,0,0,0,0,0,0.001383641,0,0,0,0,0,0,0,0,0,0,0,0.0352644624444444,0.0431834076666667,4.13333333333333e-06,0,0,0,0,0,0,0,0,0.00414154822222222,0,0,0,0,0,0,0,0,0,0,0,0.0931095508888889,0,0,0,0,0,0,0,0,0,0,0,0,0.00125816877777778,0.0542448065555556,0.0298003917777778,0,0,0,0,0,0,0,0,0.0257798075555556,0,0,0,0,0.0144398491111111,0,0,0.000139209888888889,0,0,0,0,0,0.135526583222222,1.13e-05,0,0,0,0,0,0,0,0,0,0,0,0,0,0,0,0,0,0,0,0,0,0,0,0,0.00151525411111111,1.30134444444444e-05,0,0.000514240888888889,0.00244489877777778,0.00135543866666667,0,0,0,0,0,0,0,0,0,0,0,0,0,0.0987888304444444,0,0.000728751111111111,0,0,0,0,0,0,0,0,0,0,4.39398888888889e-05,0,0,0,0,0,0,0.184222729777778,3.58167777777778e-05,0,0,0,0,0,0,0,0.00167344588888889,0,0,0,0,0,0,0,0,0,0,0,0,0,0,0,0,0
"30","SCUBA","Anacapa",2019,"REF",22.5416666666667,6.45833333333333,0.351746652333333,0.261374015666667,0,0,0,0,0,0,0,0,0,0,0,0,0,0,0,0,0.5,0,0,0,0,0,0,0,0,0,0,0,0.0833333333333333,7.125,0.208333333333333,0,0,0,0,0,0,0,0,0.208333333333333,0,0,0,0,0,0,0,0,0,0,0,3.375,0,0,0,0,0.0416666666666667,0,0,0,0.125,0,0,0,0,1.75,1.33333333333333,0,0,0,0,0,0,0,0,1.625,0,0,0,0,5.95833333333333,0,0,0.208333333333333,0,0,0,0,0,3.75,0,0,0,0,0,0,0,0,0,0,0,0,0,0,0,0,0,0,0,0,0,0,0,0,0,0.0833333333333333,0,0,0,0,0,0,0,0,0,0,0,0,0,0,0,0,0,0,0,0,0,0,0,0,0,0,0,0,0,0,0,0,0,0,0,0,0,0,2.625,0,0,0,0,0,0,0,0,0,0,0,0,0,0,0,0,0,0,0,0,0,0,0,0,0,0,0,0,0,0,0,0,0,0,0,0,0,0,0,0,0,0,0.00136408866666667,0,0,0,0,0,0,0,0,0,0,0,0.00691893133333333,0.0200465933333333,2.55666666666667e-05,0,0,0,0,0,0,0,0,0.012108921,0,0,0,0,0,0,0,0,0,0,0,0.145429691,0,0,0,0,0.000212155666666667,0,0,0,0.00865591133333333,0,0,0,0,0.0527247333333333,0.0147500246666667,0,0,0,0,0,0,0,0,0.059752484,0,0,0,0,0.0324526593333333,0,0,0.000572983333333333,0,0,0,0,0,0.124439070333333,0,0,0,0,0,0,0,0,0,0,0,0,0,0,0,0,0,0,0,0,0,0,0,0,0,0.003650825,0,0,0,0,0,0,0,0,0,0,0,0,0,0,0,0,0,0,0,0,0,0,0,0,0,0,0,0,0,0,0,0,0,0,0,0,0,0,0.130016014,0,0,0,0,0,0,0,0,0,0,0,0,0,0,0,0,0,0,0,0,0,0,0,0,0,0
"31","SCUBA","Anacapa",2020,"MPA",23.625,6.02777777777778,0.263168880444444,0.257276486777778,0,0,0,0,0,0,0,0,0,0,0,0,0,0,0,0,1.06944444444444,0.277777777777778,0,0,0,0,0,0,0,0,0,0,0.222222222222222,4.5,0.0277777777777778,0,0,0,0,0,0,0,0,1.875,0,0.0138888888888889,0,0,0,0,0,0,0,0,0.0138888888888889,1.04166666666667,0,0,0,0,0,0,0,0,0,0,0,0,4.86111111111111,2.16666666666667,1.70833333333333,0,0,0,0,0.0138888888888889,0,0,0,0.458333333333333,0,0,0,0,5.55555555555556,0,0,0.0277777777777778,0,0.0555555555555556,0.0555555555555556,0,0,3.75,0.152777777777778,0,0,0,0,0,0,0,0,0,0,0,0,0,0,0,0,0,0,0,0,0,0,0,0,0.0277777777777778,0.0277777777777778,0,0,0,0,0,0.0138888888888889,0,0,0.0138888888888889,0,0,0,0,0,0,0,0,0.0138888888888889,0,0,0,0,0,0,0,0,0,0,0,0,0.222222222222222,0,0,0,0,0,0,1.45833333333333,0.0277777777777778,0,0,0,0,0,0,0,0.0138888888888889,0,0,0,0,0,0,0,0,0,0,0,0,0,0,0,0,0,0,0,0,0,0,0,0,0,0,0,0,0,0,0,0,0,0.00206580155555556,3.96837777777778e-05,0,0,0,0,0,0,0,0,0,0,0.0230817922222222,0.0166146346666667,4.13333333333333e-06,0,0,0,0,0,0,0,0,0.0216677302222222,0,1.90694444444444e-05,0,0,0,0,0,0,0,0,0.00435280944444444,0.0859425532222222,0,0,0,0,0,0,0,0,0,0,0,0,0.000274853666666667,0.0836394145555556,0.0209985153333333,0,0,0,0,1.45072222222222e-05,0,0,0,0.0111064686666667,0,0,0,0,0.0157481872222222,0,0,8.56857777777778e-05,0,6.03511111111111e-05,0.00177233788888889,0,0,0.104485660555556,0.000191757777777778,0,0,0,0,0,0,0,0,0,0,0,0,0,0,0,0,0,0,0,0,0,0,0,0,0.000609337444444444,2.28431111111111e-05,0,0,0,0,0,0.000724771555555556,0,0,7.73223333333333e-05,0,0,0,0,0,0,0,0,0.119694861444444,0,0,0,0,0,0,0,0,0,0,0,0,0.000164718444444444,0,0,0,0,0,0,0.126313333777778,3.66311111111111e-05,0,0,0,0,0,0,0,0.000330459111111111,0,0,0,0,0,0,0,0,0,0,0,0,0,0,0,0,0
"32","SCUBA","Anacapa",2020,"REF",22.6666666666667,3.375,0.444919381333333,0.176505697333333,0,0,0,0,0,0,0,0,0,0,0,0,0,0,0,0,0.208333333333333,0,0,0,0,0,0,0,0,0,0,0,0.0416666666666667,6.29166666666667,0,0,0,0,0,0,0,0,0,1,0,0.0416666666666667,0,0,0,0,0,0,0,0,0,2.91666666666667,0,0,0,0,0,0,0,0,0.125,0,0,0,5.20833333333333,2.33333333333333,0.5,0,0,0,0,0,0,0,0,1.58333333333333,0,0,0,0,2.41666666666667,0,0,0.0416666666666667,0,0,0,0,0,2,0,0,0,0,0,0,0,0,0,0,0,0,0,0,0,0,0,0,0,0,0,0,0,0,0,0,0,0,0,0,0,0,0,0,0,0,0,0,0,0,0,0,0,0,0,0,0.0416666666666667,0,0,0,0,0,0,0,0,0,0,0,0,0,0,0,0,0,1.20833333333333,0,0.0833333333333333,0,0,0,0,0,0,0,0,0,0,0,0,0,0,0,0,0,0,0,0,0,0,0,0,0,0,0,0,0,0,0,0,0,0,0,0,0,0,0,0,0.000259529333333333,0,0,0,0,0,0,0,0,0,0,0,0.00908046066666667,0.0163325293333333,0,0,0,0,0,0,0,0,0,0.0650572073333333,0,0.00305698433333333,0,0,0,0,0,0,0,0,0,0.204998262333333,0,0,0,0,0,0,0,0,0.010679051,0,0,0,0.000670228333333333,0.072269456,0.00671065066666667,0,0,0,0,0,0,0,0,0.0548932616666667,0,0,0,0,0.009844798,0,0,0.000147429666666667,0,0,0,0,0,0.073963081,0,0,0,0,0,0,0,0,0,0,0,0,0,0,0,0,0,0,0,0,0,0,0,0,0,0,0,0,0,0,0,0,0,0,0,0,0,0,0,0,0,0,0,0,0,0,0.000272842333333333,0,0,0,0,0,0,0,0,0,0,0,0,0,0,0,0,0,0.0879293376666667,0,0.00525997633333333,0,0,0,0,0,0,0,0,0,0,0,0,0,0,0,0,0,0,0,0,0,0,0,0
"33","SCUBA","San Miguel",2018,"MPA",22.45833333,23.5,0.277887503,0.6784627015,0,0,0,0,0,0,0,0,0,0,0,0,0,0,0,0,0,0,0,0,0,0,0,0,0,0,0,0,0,16.3333333315,0,0,0,0,0,0,0,0,0,0.416666667,0,0.916666667,0,0,0,0,0,0,0,0,0,0,0,0,0,0,0,0,0,0,0,0,0,0,0,0,0,0,0,0,0,0.0416666665,0,0,0,0,0,0,0,0,2.125,0,0.0416666665,2.5833333335,0,0.0416666665,1.416666667,0,0,1.0416666665,0,0,0,0,0,0,0,0,0,0,0,0,0,0,0,0,0,0,0,0,0,0,0,0,0,0.0833333335,0.125,0,0,0.708333333,0,0,0.0416666665,0.375,0,0.5,0,0,0,0,0,0,0,0,0,0,0,0,0,0,0,0,0,0.0416666665,0,0,16.041666665,1.7083333335,0,0,0,0,0,0,1.25,0.0416666665,0,0,0,0,0,0,0,0.083333333,0,0,0,0,0,0,0,0,0,0,0,0,0,0,0,0,0,0,0,0,0,0,0,0,0,0,0,0,0,0,0,0,0,0,0,0,0,0,0,0,0,0,0,0,0,0,0.2173899355,0,0,0,0,0,0,0,0,0,0.0161970865,0,0.0191482995,0,0,0,0,0,0,0,0,0,0,0,0,0,0,0,0,0,0,0,0,0,0,0,0,0,0,0,0,0,1.52e-05,0,0,0,0,0,0,0,0,0.0131594995,0,0.0106400945,0.0100850525,0,4.07e-05,0.0960982725,0,0,0.081030436,0,0,0,0,0,0,0,0,0,0,0,0,0,0,0,0,0,0,0,0,0,0,0,0,0,0.001907629,8.15445e-05,0,0,0.0355483425,0,0,0.002652043,0.045814543,0,0.0170800455,0,0,0,0,0,0,0,0,0,0,0,0,0,0,0,0,0,0.0044132705,0,0,0.323279886,0.001738697,0,0,0,0,0,0,0.0523008915,7.839e-05,0,0,0,0,0,0,0,0.007650343,0,0,0,0,0,0,0,0,0,0,0,0,0,0,0,0,0
"34","SCUBA","San Miguel",2018,"REF",8.958333335,10.3333333315,0.1664888655,0.385898953,0,0,0,0,0,0,0,0,0,0,0,0,0,0,0,0,0,0,0,0,0,0,0,0,0,0,0,0,0.1666666665,6.4583333335,0,0,0,0,0,0,0,0,0,0.083333333,0,0.0416666665,0,0,0,0,0,0,0,0,0,0,0,0,0,0,0.0833333335,0,0,0,0,0,0,0,0,0,0,0,0,0,0,0.333333333,0,0,0,0.0416666665,0,0,0,0,0.6666666665,0,0.083333333,1.4583333335,0,0,0.7083333335,0,0,0,0,0,0,0,0,0,0,0,0,0,0,0,0,0,0,0,0,0,0,0,0,0,0,0,0,0.125,0.2083333335,0,0,0.791666667,0,0,0,0.333333333,0,0.2083333335,0,0,0,0,0,0,0,0,0,0,0.0833333335,0,0,0,0,0,0,0,0,0.0416666665,6.0416666665,0.25,0,0,0,0,0,0,0.9583333335,0,0,0,0,0,0,0,0,0.125,0,0,0,0,0,0,0,0,0,0,0,0,0,0,0,0,0,0,0,0,0,0,0,0,0,0,0,0,0,0,0,0,0,0,0,0,0,0,0,0,0,0,0,0,0,0.0128967645,0.146305473,0,0,0,0,0,0,0,0,0,0.0002057545,0,3.825e-05,0,0,0,0,0,0,0,0,0,0,0,0,0,0,0.000164371,0,0,0,0,0,0,0,0,0,0,0,0,0,0,0.0003003125,0,0,0,0.0023655755,0,0,0,0,0.0047892915,0,0.0336337035,0.0042952065,0,0,0.0538229665,0,0,0,0,0,0,0,0,0,0,0,0,0,0,0,0,0,0,0,0,0,0,0,0,0,0,0,0,0.008324919,0.0003132655,0,0,0.042617933,0,0,0,0.0245073605,0,0.0130904075,0,0,0,0,0,0,0,0,0,0,0.000256477,0,0,0,0,0,0,0,0,0.000213971,0.1473960285,0.000191736,0,0,0,0,0,0,0.0494902295,0,0,0,0,0,0,0,0,0.0071677975,0,0,0,0,0,0,0,0,0,0,0,0,0,0,0,0,0
"35","SCUBA","San Miguel",2019,"MPA",9.7916666665,7.625,0.1080904525,0.4876868305,0,0,0,0,0,0,0,0,0,0,0,0,0,0,0,0,0,0,0,0,0,0,0,0,0,0,0,0,0.2083333335,8.1249999985,0,0,0,0,0,0,0,0,0,0.0833333335,0,0.208333333,0,0,0,0,0,0,0,0,0,0,0,0,0,0,0,0,0,0,0,0,0,0,0,0,0,0,0,0,0,0.2083333335,0,0,0,0,0,0,0,0,0.125,0,0.0416666665,1.083333333,0,0,0.25,0,0,0.7083333335,0,0,0,0.0833333335,0,0,0,0,0,0,0,0,0,0,0,0,0,0,0,0,0,0,0,0,0,0.0833333335,0,0,0,0.3333333335,0,0,0.0833333335,0.9166666665,0,0.208333333,0,0,0,0,0,0,0,0,0,0,0,0,0,0,0,0,0,0.0416666665,0,0,3.541666667,0,0,0,0,0,0,0,1,0,0,0,0,0,0,0,0,0.0833333335,0,0,0,0,0,0,0,0,0,0,0,0,0,0,0,0,0,0,0,0,0,0,0,0,0,0,0,0,0,0,0,0,0,0,0,0,0,0,0,0,0,0,0,0,0,0.038315756,0.092417649,0,0,0,0,0,0,0,0,0,0.0018934105,0,0.005859003,0,0,0,0,0,0,0,0,0,0,0,0,0,0,0,0,0,0,0,0,0,0,0,0,0,0,0,0,0,0.000252333,0,0,0,0,0,0,0,0,0.0005671995,0,0.0119111265,0.0046717945,0,0,0.006237825,0,0,0.0636233075,0,0,0,0.0008589335,0,0,0,0,0,0,0,0,0,0,0,0,0,0,0,0,0,0,0,0,0,0.0018224625,0,0,0,0.0133155685,0,0,0.0029976025,0.123266824,0,0.0176105755,0,0,0,0,0,0,0,0,0,0,0,0,0,0,0,0,0,0.0036383365,0,0,0.09483871,0,0,0,0,0,0,0,0.106115107,0,0,0,0,0,0,0,0,0.0055637585,0,0,0,0,0,0,0,0,0,0,0,0,0,0,0,0,0
"36","SCUBA","San Miguel",2019,"REF",3.125,6.5833333315,0.032957183,0.217564545,0,0,0,0,0,0,0,0,0,0,0,0,0,0,0,0,0,0,0,0,0,0,0,0,0,0,0,0,0.0833333335,1.9166666665,0,0,0,0,0,0,0,0,0,0,0,0.125,0,0,0,0,0,0,0,0,0,0,0,0,0,0,0,0,0,0,0,0,0,0,0,0,0,0,0,0,0,0.3333333335,0,0,0,0,0,0,0,0,0.0416666665,0,0.0416666665,1,0,0,0.3333333335,0,0,0,0,0,0,0,0,0,0,0,0,0,0,0,0,0,0,0,0,0,0,0,0,0,0,0,0,0.0416666665,0.2916666665,0,0,0.4583333335,0.0416666665,0,0.0416666665,0.2083333335,0,0.125,0,0,0,0,0,0,0,0,0,0,0,0,0,0,0,0,0,0,0,0,3.875,0.125,0,0,0,0,0,0,0.5416666665,0,0,0,0,0,0,0,0,0.0833333335,0,0,0,0,0,0,0,0,0,0,0,0,0,0,0,0,0,0,0,0,0,0,0,0,0,0,0,0,0,0,0,0,0,0,0,0,0,0,0,0,0,0,0,0,0,0.0209165495,0.025414717,0,0,0,0,0,0,0,0,0,0,0,0.002923528,0,0,0,0,0,0,0,0,0,0,0,0,0,0,0,0,0,0,0,0,0,0,0,0,0,0,0,0,0,0.0004303565,0,0,0,0,0,0,0,0,0.0002883165,0,0.0237299675,0.002908095,0,0,0.0410007275,0,0,0,0,0,0,0,0,0,0,0,0,0,0,0,0,0,0,0,0,0,0,0,0,0,0,0,0,0.0014225265,0.0002984015,0,0,0.020841294,0.000218025,0,0.0013895665,0.024798708,0,0.0053221,0,0,0,0,0,0,0,0,0,0,0,0,0,0,0,0,0,0,0,0,0.0497775495,0.0001242495,0,0,0,0,0,0,0.02266704,0,0,0,0,0,0,0,0,0.00605001,0,0,0,0,0,0,0,0,0,0,0,0,0,0,0,0,0
"37","SCUBA","San Miguel",2020,"MPA",5.7083333335,8.4583333335,0.0897690385,0.4221703675,0,0,0,0,0,0,0,0,0,0,0,1.5833333335,0,0,0,0,0,0,0,0,0,0,0,0,0,0,0,0,0.125,3.625,0,0,0,0,0,0,0,0,0,0.4166666665,0,0.0833333335,0,0,0,0,0,0,0,0,0,0,0,0,0.0416666665,0,0,0,0,0,0,0,0,0,0,0,0,0,0,0,0,0.2916666665,0,0,0,0,0,0,0,0,0.1666666665,0,0,1.375,0,0,0.375,0,0,0.6666666665,0,0,0,0,0,0,0,0,0,0,0,0,0,0,0,0,0,0,0,0,0,0,0,0,0,0,0,0,0,0.125,0,0,0,0.5,0,0.0416666665,0,0,0,0,0,0,0,0,0,0,0,0,0,0,0,0,0,0,0,0,5.0416666665,0.2083333335,0,0,0,0,0,0,0.9166666665,0,0,0,0,0,0,0,0,0.1666666665,0,0,0,0,0,0,0,0,0,0,0,0,0,0,0,0,0,0,0,0,0,0,0,0,0,0,0,0,0.0083763705,0,0,0,0,0,0,0,0,0,0,0,0,0,0,0,0,0.039537474,0.0747585025,0,0,0,0,0,0,0,0,0,0.0067899275,0,0.0009216995,0,0,0,0,0,0,0,0,0,0,0,0,0.000237059,0,0,0,0,0,0,0,0,0,0,0,0,0,0,0,0,0.000411844,0,0,0,0,0,0,0,0,0.0012141445,0,0,0.0058477055,0,0,0.030413804,0,0,0.060790792,0,0,0,0,0,0,0,0,0,0,0,0,0,0,0,0,0,0,0,0,0,0,0,0,0,0,0,0,0,0.0072636305,0,0,0,0.062936143,0,0.0009702735,0,0,0,0,0,0,0,0,0,0,0,0,0,0,0,0,0,0,0,0,0.090589212,0.0002628625,0,0,0,0,0,0,0.114391464,0,0,0,0,0,0,0,0,0.014602868,0,0,0,0,0,0,0,0,0,0,0,0,0,0,0,0,0
"38","SCUBA","San Miguel",2020,"REF",2.4583333335,8.7916666665,0.0474076075,0.3679893355,0,0,0,0,0,0,0,0,0,0,0,0,0,0,0,0,0,0,0,0,0,0,0,0,0,0,0,0,0.291666667,1.6666666665,0,0,0,0,0,0,0,0,0,0.0833333335,0,0,0,0,0,0,0,0,0,0,0,0,0,0,0,0,0,0,0,0,0,0,0,0,0,0,0,0,0,0,0,0.208333333,0,0,0,0,0,0,0,0,0,0,0.0416666665,0.708333333,0,0.0416666665,0.5416666665,0,0,0,0,0,0,0,0,0,0,0,0,0,0,0,0,0,0,0,0,0,0,0,0,0,0,0,0,0,0,0,0,0.5,0.0416666665,0,0.0833333335,0.416666667,0,0,0,0,0,0,0,0,0,0,0,0,0,0,0,0,0,0,0,0,0,0,5.166666665,1.25,0,0,0,0,0,0,0.1666666665,0,0.0416666665,0,0,0,0,0,0,0,0,0,0,0,0,0,0,0,0,0,0,0,0,0,0,0,0,0,0,0,0,0,0,0,0,0,0,0,0,0,0,0,0,0,0,0,0,0,0,0,0,0,0,0,0,0.029881891,0.0407282445,0,0,0,0,0,0,0,0,0,0.0031304505,0,0,0,0,0,0,0,0,0,0,0,0,0,0,0,0,0,0,0,0,0,0,0,0,0,0,0,0,0,0,0,0.000313025,0,0,0,0,0,0,0,0,0,0,0.031807437,0.0035489125,0,5.89075e-05,0.059028193,0,0,0,0,0,0,0,0,0,0,0,0,0,0,0,0,0,0,0,0,0,0,0,0,0,0,0,0,0,0,0,0,0.021769515,0.001645222,0,0.005019874,0.0179995255,0,0,0,0,0,0,0,0,0,0,0,0,0,0,0,0,0,0,0,0,0,0,0.1786350215,0.0015547045,0,0,0,0,0,0,0.0197241505,0,0.000551869,0,0,0,0,0,0,0,0,0,0,0,0,0,0,0,0,0,0,0,0,0,0,0,0
"39","SCUBA","Santa Rosa",2017,"MPA",47.83333333,17.833333335,0.2652706115,0.339576437,0,0,0,1.0416666665,0,0,0,0,0,0,0,0,0,0,0,0,0.541666667,0.0833333335,0,0,0,0,0,0,0,0,0,0,0,7.4583333335,0,0,0,0,0,0,0,0,0,1.625,0,1.833333333,0,0,0,0,0,0,0,0,0,0.2916666665,0.125,0,0,0,0.3333333335,0,0,0,0,0,0,0,0.0416666665,0.0416666665,0.2083333335,0,0,0,0,1.4166666665,0,0,0,0,0,0,0,0,31.666666665,0,0,1.5416666665,0,0.25,0.5416666665,0,0,1.375,0,0,0,0,0,0,0,0,0,0,0,0,0,0,0,0,0,0,0,0,0,0,0,0,0.0416666665,0.9583333335,0.0416666665,0,0,1.25,0,0,0.0833333335,0.125,0,0,0,0,0,0,0,0,0,0,0,0,0.0416666665,0,0,0,0,0,0,0,0,0,1.666666667,5.291666667,0,0,0.0416666665,2.8333333335,0,0,2.7083333335,0.0833333335,0,0,0,0,0,0,0,0.0833333335,0,0,0,0,0,0,0,0,0,0,0,0,0,0,0,0,0,0,0,0,0.0001708775,0,0,0,0,0,0,0,0,0,0,0,0,0.0010414925,1.245e-05,0,0,0,0,0,0,0,0,0,0,0,0.074555794,0,0,0,0,0,0,0,0,0,0.018469213,0,0.0100305815,0,0,0,0,0,0,0,0,0,0.029913318,0.000651646,0,0,0,0.0015713495,0,0,0,0,0,0,0,6.95825e-05,0.0037748885,0.002738859,0,0,0,0,0.001146517,0,0,0,0,0,0,0,0,0.111159295,0,0,0.0044287855,0,0.0002303615,0.0258435235,0,0,0.051178678,0,0,0,0,0,0,0,0,0,0,0,0,0,0,0,0,0,0,0,0,0,0,0,0,0.002911694,0.003770774,9.1108e-05,0,0,0.043901957,0,0,0.003144079,0.007269814,0,0,0,0,0,0,0,0,0,0,0,0,0.0001237435,0,0,0,0,0,0,0,0,0,0.032143852,0.005015593,0,0,8.38645e-05,0.001766988,0,0,0.1630506135,0.000114966,0,0,0,0,0,0,0,0.004470778,0,0,0,0,0,0,0,0,0,0,0,0,0,0,0,0,0
"40","SCUBA","Santa Rosa",2017,"REF",33.4375,15.45833333425,0.36606115675,0.4727636065,0,0,0,0,0,0,0,0,0,0,0,0,0,0,0,0,0.22916666675,0,0,0,0.02083333325,0,0,0,0,0,0,0,0.08333333325,7.08333333325,0,0,0,0,0,0,0,0,0,0.604166667,0,1.20833333325,0,0,0,0,0,0,0,0,0,1.25,0.77083333325,0,0,0,0.02083333325,0,0,0,0,0,0,0,0.04166666675,0.02083333325,0.02083333325,0,0,0,0,0.1666666665,0,0,0.0416666665,0.1875,0,0,0,0,19.3125,0,0,2,0,0.04166666675,1.3125,0,0,0.8541666665,0.02083333325,0,0,0,0,0,0,0,0,0,0,0,0,0,0,0,0,0,0,0,0,0,0,0,0.02083333325,0.62500000025,0.0625,0,0,0.85416666675,0.08333333325,0,0.14583333325,0.083333333,0,0.4166666665,0,0,0,0,0,0,0,0,0,0,0.02083333325,0,0.72916666675,0,0,0,0,0,0,0.1041666665,4.72916666675,4.77083333325,0,0,0.04166666675,0.04166666675,0,0,1.375,0.0416666665,0,0,0,0,0,0,0,0.20833333325,0,0,0,0,0,0,0,0,0,0,0,0,0,0,0,0,0,0,0,0,0,0,0,0,0,0,0,0,0,0,0,0,0,0.000372335,0,0,0,0.02823320975,0,0,0,0,0,0,0,0.0088509485,0.049057286,0,0,0,0,0,0,0,0,0,0.01735921325,0,0.027260219,0,0,0,0,0,0,0,0,0,0.14417955175,0.00026662825,0,0,0,4.764125e-05,0,0,0,0,0,0,0,2.315e-05,0.00083481475,0.00017459775,0,0,0,0,0.000124669,0,0,0.00035759,0.009439276,0,0,0,0,0.08413569525,0,0,0.0062751645,0,4.071525e-05,0.07326469,0,0,0.0564201445,2.1675e-05,0,0,0,0,0,0,0,0,0,0,0,0,0,0,0,0,0,0,0,0,0,0,0,4.421575e-05,0.0262337845,9.699475e-05,0,0,0.0502950235,0.002527501,0,0.00433724125,0.01305117025,0,0.02128916125,0,0,0,0,0,0,0,0,0,0,1.3175e-05,0,0.00193676775,0,0,0,0,0,0,0.01673302825,0.1094021805,0.0052604045,0,0,8.386475e-05,2.601e-05,0,0,0.0999104845,0.0001074505,0,0,0,0,0,0,0,0.0109070645,0,0,0,0,0,0,0,0,0,0,0,0,0,0,0,0,0
"41","SCUBA","Santa Rosa",2018,"MPA",28.416666665,10.0416666665,0.2238638585,0.5667043315,0,0,0,0,0,0,0,0,0,0,0,0,0,0,0,0,1.3333333335,0,0,0,0.083333333,0,0,0,0,0,0,0,0,6.75,0,0,0,0,0,0,0,0,0,1.7916666665,0,2,0,0,0,0,0,0,0,0,0,0.166666667,0,0,0,0,0.125,0,0,0,0,0,0,0,0.375,0.25,0.0416666665,0,0,0,0,0.2083333335,0,0,0,0.0416666665,0,0,0,0,12.5,0,0,1.875,0,0.0833333335,0.875,0,0,1.125,0,0,0,0,0,0,0,0,0,0,0,0,0,0,0,0,0,0,0,0,0,0,0,0,0,1.125,0,0,0,0.875,0,0,0.0833333335,0.083333333,0,0.2083333335,0,0,0,0,0,0,0,0,0,0,0,0,0,0,0,0,0,0,0,0,2.7083333335,0.375,0,0,0,0,0,0,3.375,0,0.0416666665,0,0,160.41666665,0,0,0,0,0,0,0.0416666665,0,0,0,0,1.4583333335,0,0,0,0,0,0,0,0,0,0,0,0,0,0,0,0,0,0,0,0,0,0,0,0,0,0.0047729165,0,0,0,0.1242855335,0,0,0,0,0,0,0,0,0.0635720185,0,0,0,0,0,0,0,0,0,0.0202792475,0,0.0206638965,0,0,0,0,0,0,0,0,0,0.0127547635,0,0,0,0,0.000661214,0,0,0,0,0,0,0,0.0016253745,0.014386343,0.0011812465,0,0,0,0,0.0001637845,0,0,0,0.001668709,0,0,0,0,0.069908128,0,0,0.00787771,0,8.5693e-05,0.041364705,0,0,0.067477233,0,0,0,0,0,0,0,0,0,0,0,0,0,0,0,0,0,0,0,0,0,0,0,0,0,0.004501218,0,0,0,0.0318273295,0,0,0.0041602615,0.010700776,0,0.0104056615,0,0,0,0,0,0,0,0,0,0,0,0,0,0,0,0,0,0,0,0,0.0312772215,0.0002750015,0,0,0,0,0,0,0.3662605595,0,0.002706107,0,0,0.8011338045,0,0,0,0,0,0,1.105e-05,0,0,0,0,0.010080812,0,0,0,0,0,0,0,0,0
"42","SCUBA","Santa Rosa",2018,"REF",17.0833333325,10.75,0.1715807135,0.45659986125,0,0,0,0.02083333325,0,0,0,0,0,0,0,0,0,0,0,0,0.25,0,0,0,0,0,0,0,0,0,0,0,0.58333333325,4.1458333335,0,0,0,0,0,0,0,0,0,0.3958333335,0,0.4791666665,0,0,0,0,0,0,0,0,0,0.0625,0,0,0,0,0.0625,0.02083333325,0,0,0,0,0,0,0.0625,0,0.0416666665,0,0,0,0,0.0625,0,0,0,0.16666666675,0,0,0,0,8.58333333325,0,0,1.4791666665,0,0,0.93750000025,0,0,0.6458333335,0,0,0,0,0,0,0,0,0,0,0,0,0,0,0,0,0,0,0,0,0,0,0,0,0.0625,1.27083333325,0.0416666665,0,0.02083333325,0.5625,0.02083333325,0,0.0625,0.22916666675,0,0.25,0,0,0,0,0,0,0,0,0,0,0,0,0,0,0,0,0,0,0,0.22916666675,3.08333333325,1.1458333335,0,0,0,0,0,0,2.79166666675,0,0.02083333325,0,0,0,0,0,0,0.0625,0,0,0,0,0,0,0,0,0,0,0,0,0,0,0,0,0,0,0,0,1.6375e-05,0,0,0,0,0,0,0,0,0,0,0,0,0.000775602,0,0,0,0,0,0,0,0,0,0,0,0.03586692575,0.02760348425,0,0,0,0,0,0,0,0,0,0.0070703235,0,0.0094550825,0,0,0,0,0,0,0,0,0,0.0081903775,0,0,0,0,0.001374661,0.002520812,0,0,0,0,0,0,0.00010269225,0,0.0005979745,0,0,0,0,0.00010458075,0,0,0,0.00466198075,0,0,0,0,0.04460349425,0,0,0.0038422705,0,0,0.05530802325,0,0,0.032086314,0,0,0,0,0,0,0,0,0,0,0,0,0,0,0,0,0,0,0,0,0,0,0,0,0.006968557,0.05631784125,2.645e-05,0,0.00602096725,0.024712157,0.00240055925,0,0.00183737725,0.01641359225,0,0.009281412,0,0,0,0,0,0,0,0,0,0,0,0,0,0,0,0,0,0,0,0.01574319375,0.0793367665,0.00108344025,0,0,0,0,0,0,0.175165111,0,0.00122817625,0,0,0,0,0,0,0.00348497825,0,0,0,0,0,0,0,0,0,0,0,0,0,0,0,0,0
"43","SCUBA","Santa Rosa",2019,"MPA",20.25,11.5416666665,0.295108787,0.956394951,0,0,0,0,0,0,0,0,0,0,0,1.25,0,0,0,0,0.0833333335,0,0,0,0,0,0,0.0416666665,0,0,0,0,0,7.0833333335,0,0,0,0,0,0,0,0,0,0.5,0,0.9583333335,0,0,0,0,0,0,0,0,0,0.625,0,0,0,0,0,0,0,0,0,0,0,0,0,0,0,0,0,0,0,0.208333333,0,0,0,0.0416666665,0,0,0,0,9.1666666685,0,0,0.958333333,0,0,1.916666667,0,0,1.166666667,0,0,0,0,0,0,0,0,0,0,0,0,0,0,0,0,0,0,0,0,0,0,0,0,0.1666666665,0.6666666665,0,0,0,0.6666666665,0,0,0,0.1666666665,0,0,0,0,0,0,0,0,0,0,0,0,0,0,0,0,0,0,0,0,0,0.0416666665,2.875,0.375,0,0,0,0,0,0,4.0833333335,0,0,0,0,0,0,0,0,0,0,0,0,0,0,0,0,0,0,0,0,0,0,0,0,0,0,0,0,0,0,0,0,0,0,0,0,0,0.0160651825,0,0,0,0,0.000226778,0,0,0,0,0,0,6.5468e-05,0,0,0,0,0,0.064592793,0,0,0,0,0,0,0,0,0,0.015993849,0,0.0232516155,0,0,0,0,0,0,0,0,0,0.081910274,0,0,0,0,0,0,0,0,0,0,0,0,0,0,0,0,0,0,0,0.000146665,0,0,0,0.00188325,0,0,0,0,0.0462965755,0,0,0.0025869285,0,0,0.144933332,0,0,0.1038351335,0,0,0,0,0,0,0,0,0,0,0,0,0,0,0,0,0,0,0,0,0,0,0,0,0.034548853,0.023817871,0,0,0,0.0326167435,0,0,0,0.017445236,0,0,0,0,0,0,0,0,0,0,0,0,0,0,0,0,0,0,0,0,0,0.0007000655,0.0608992655,0.0004838795,0,0,0,0,0,0,0.5952691555,0,0,0,0,0,0,0,0,0,0,0,0,0,0,0,0,0,0,0,0,0,0,0,0,0,0
"44","SCUBA","Santa Rosa",2019,"REF",11.8958333325,5.22916666675,0.14674161325,0.38634819475,0,0,0,0,0,0,0,0,0,0,0,0,0,0,0,0,0.0625,0,0,0,0,0,0,0,0,0,0,0,0.39583333325,7.1875,0,0,0,0,0,0,0,0,0,0.2291666665,0,0.27083333325,0,0,0,0,0,0,0,0,0,0.1458333335,0,0,0,0,0,0,0,0,0,0,0,0,0.2291666665,0.10416666675,0,0,0,0,0,0.0625,0,0,0.02083333325,0.0416666665,0,0,0,0,2.25,0,0,0.875,0,0,0.52083333325,0,0.02083333325,0.72916666675,0,0.02083333325,0,0,0,0,0,0,0,0,0,0,0,0,0,0,0,0,0,0,0,0,0,0,0.08333333325,0.375,0,0,0,0.20833333325,0,0,0.125,0.08333333325,0,0.1041666665,0,0,0,0,0,0,0,0,0,0,0.02083333325,0,0,0,0,0,0,0,0,0.10416666675,1.14583333325,0.125,0,0,0,0,0,0,1.58333333325,0,0,0,0,0,0,0,0,0,0,0,0,0,0,0,0,2.29166666675,0,0,0,0,0,0,0,0,0,0,0,0,0,0,0,0,0,0,0,0,0,0,0,0,0,6.2519e-05,0,0,0,0,0,0,0,0,0,0,0,0.03321907525,0.05149669275,0,0,0,0,0,0,0,0,0,0.009300883,0,0.0105574275,0,0,0,0,0,0,0,0,0,0.0201137215,0,0,0,0,0,0,0,0,0,0,0,0,0.0001819895,0.005640286,0,0,0,0,0,9.0561e-05,0,0,0.00050451725,0.00167713325,0,0,0,0,0.01138128175,0,0,0.00272138925,0,0,0.0260134325,0,0.01979136225,0.0527425955,0,0.00098694175,0,0,0,0,0,0,0,0,0,0,0,0,0,0,0,0,0,0,0,0,0,0,0.01746113125,0.01465570625,0,0,0,0.013059303,0,0,0.002117664,0.0043536235,0,0.006321763,0,0,0,0,0,0,0,0,0,0,0.000971913,0,0,0,0,0,0,0,0,0.0020005425,0.022218807,9.0039e-05,0,0,0,0,0,0,0.20335751325,0,0,0,0,0,0,0,0,0,0,0,0,0,0,0,0,0.01281916525,0,0,0,0,0,0,0,0,0
"45","SCUBA","Santa Rosa",2020,"MPA",22.666666665,11.958333335,0.2383633695,0.6144209175,0,0,0,0.5,0,0,0,0,0,0,0,0,0,0,0,0,0.125,0,0,0,0,0,0,0,0,0,0,0,0,6,0,0,0,0,0,0,0,0,0,1.75,0,1.8333333335,0,0,0,0,0,0,0,0,0,0.708333333,0,0,0,0,0.125,0,0,0,0,0,0,0,0.708333333,0.2083333335,0,0,0,0,0,1.125,0,0,0.0833333335,0.0416666665,0,0,0,0,7.791666665,0,0.0416666665,2.083333333,0,0.333333333,1.0416666665,0,0,0.4583333335,0,0,0,0,0,0,0,0,0,0,0,0,0,0,0,0,0,0,0,0,0,0,0,0,0.0416666665,0.6666666665,0,0,0,1.4583333335,0,0,0,0.25,0,0.083333333,0,0,0,0,0,0,0,0,0,0,0,0,0,0,0,0,0,0,0,0.2083333335,2.2083333335,1.75,0,0,0,0.375,0,0,2.5833333335,0,0,0,0,0,0,0,0,0.0416666665,0,0,0,0,0,0,0,0,0,0,0,0,0,0,0,0,0,0,0,0,0.000135616,0,0,0,0,0,0,0,0,0,0,0,0,0.0002429455,0,0,0,0,0,0,0,0,0,0,0,0,0.055544098,0,0,0,0,0,0,0,0,0,0.0221250695,0,0.0271387085,0,0,0,0,0,0,0,0,0,0.054722124,0,0,0,0,0.000430352,0,0,0,0,0,0,0,0.000596324,0.0068222275,0,0,0,0,0,0.0007407315,0,0,0.0021799015,0.002115314,0,0,0,0,0.038710822,0,0.006905592,0.007380855,0,0.0004166835,0.054990373,0,0,0.0488477665,0,0,0,0,0,0,0,0,0,0,0,0,0,0,0,0,0,0,0,0,0,0,0,0,0.007455213,0.0127638,0,0,0,0.038457558,0,0,0,0.010885182,0,0.002576501,0,0,0,0,0,0,0,0,0,0,0,0,0,0,0,0,0,0,0,0.001231624,0.045589816,0.0014032155,0,0,0,0.000283857,0,0,0.401375445,0,0,0,0,0,0,0,0,0.0007165725,0,0,0,0,0,0,0,0,0,0,0,0,0,0,0,0,0
"46","SCUBA","Santa Rosa",2020,"REF",11.56250000175,7.54166666575,0.1202617665,0.283969687,0,0,0,2.08333333325,0,0,0,0,0,0,0,1.3125,0,0,0,0,0.10416666675,0,0,0,0,0,0,0,0,0,0,0,0.29166666675,4.9375,0.64583333325,0,0,0,0,0,0,0,0,0.22916666675,0,0.1041666665,0,0,0,0,0,0,0,0,0,0.14583333325,0,0,0,0,0,0,0,0,0,0,0,0,0.0625,0.02083333325,0.02083333325,0,0,0,0,0.22916666675,0,0,0,0.208333333,0,0,0,0,2.0833333335,0,0,0.47916666675,0,0.2291666665,0.8958333335,0,0,0.52083333325,0,0,0,0,0,0,0,0,0,0,0,0,0,0,0,0,0,0,0,0,0,0,0,0,0.02083333325,0.4166666665,0,0,0,0.1875,0.02083333325,0,0,0.0625,0,0.125,0,0,0,0,0,0,0,0,0,0,0,0,0,0,0,0,0,0,0,0.10416666675,1.5625,2.3125,0,0,0,0,0,0,0.9791666665,0,0,0,0,0,0,0,0,0.02083333325,0,0,0,0,0,0,0,0,0,0,0,0,0,0,0,0,0,0,0,0,0.00114068925,0,0,0,0,0,0,0,0.008884933,0,0,0,0,0.00024885325,0,0,0,0,0,0,0,0,0,0,0,0.02045432975,0.0489120505,3.375125e-05,0,0,0,0,0,0,0,0,0.00571560775,0,0.001250081,0,0,0,0,0,0,0,0,0,0.01903364375,0,0,0,0,0,0,0,0,0,0,0,0,4.06115e-05,0.001122774,0.00051914375,0,0,0,0,0.00034990125,0,0,0,0.01280807225,0,0,0,0,0.01345853275,0,0,0.0008097195,0,0.00026458075,0.04795223275,0,0,0.0466981135,0,0,0,0,0,0,0,0,0,0,0,0,0,0,0,0,0,0,0,0,0,0,0,0,0.003156013,0.01201221225,0,0,0,0.01186057475,0.00103375075,0,0,0.002879915,0,0.0052630055,0,0,0,0,0,0,0,0,0,0,0,0,0,0,0,0,0,0,0,0.004830096,0.02674963275,0.00192229325,0,0,0,0,0,0,0.11198245525,0,0,0,0,0,0,0,0,0.0017288055,0,0,0,0,0,0,0,0,0,0,0,0,0,0,0,0,0
